Request_ID,Target_ID,Gene_Symbol,Chromosome,Chr_Start,Chr_End,Num_Amplicons,Covered_Bases,Target_Bases,Missed_Bases,Coverage
WG_IAD217223,s1,h1,chr1,1116187,1116190,1,4,4,0,1.000
WG_IAD217223,s2,h2,chr1,1887090,1887093,1,4,4,0,1.000
WG_IAD217223,s3,h3,chr1,1887110,1887113,1,4,4,0,1.000
WG_IAD217223,s4,h4,chr1,1900105,1900108,1,4,4,0,1.000
WG_IAD217223,s5,h5,chr1,11710778,11710781,1,4,4,0,1.000
WG_IAD217223,s6,h6,chr1,14106393,14106396,1,4,4,0,1.000
WG_IAD217223,s7,h7,chr1,17084535,17084538,1,4,4,0,1.000
WG_IAD217223,s8,h8,chr1,17086084,17086087,1,4,4,0,1.000
WG_IAD217223,s9,h9,chr1,17087540,17087543,1,4,4,0,1.000
WG_IAD217223,s10,h10,chr1,17718670,17718673,1,4,4,0,1.000
WG_IAD217223,s11,h11,chr1,19810809,19810812,1,4,4,0,1.000
WG_IAD217223,s12,h12,chr1,31905888,31905891,1,4,4,0,1.000
WG_IAD217223,s13,h13,chr1,38167467,38167470,1,4,4,0,1.000
WG_IAD217223,s14,h14,chr1,44596378,44596381,1,4,4,0,1.000
WG_IAD217223,s15,h15,chr1,47904667,47904670,1,4,4,0,1.000
WG_IAD217223,s16,h16,chr1,48708185,48708188,1,4,4,0,1.000
WG_IAD217223,s17,h17,chr1,54605317,54605320,1,4,4,0,1.000
WG_IAD217223,s18,h18,chr1,54605318,54605321,1,4,4,0,1.000
WG_IAD217223,s19,h19,chr1,78024344,78024347,1,4,4,0,1.000
WG_IAD217223,s20,h20,chr1,79128569,79128572,1,4,4,0,1.000
WG_IAD217223,s21,h21,chr1,85598678,85598681,1,4,4,0,1.000
WG_IAD217223,s22,h22,chr1,152681679,152681682,1,4,4,0,1.000
WG_IAD217223,s23,h23,chr1,153233487,153233490,1,4,4,0,1.000
WG_IAD217223,s24,h24,chr1,156354346,156354349,1,4,4,0,1.000
WG_IAD217223,s25,h25,chr1,156553230,156553233,1,4,4,0,1.000
WG_IAD217223,s26,h26,chr1,203186949,203186952,1,4,4,0,1.000
WG_IAD217223,s27,h27,chr1,208063099,208063102,1,4,4,0,1.000
WG_IAD217223,s28,h28,chr1,226924874,226924877,1,4,4,0,1.000
WG_IAD217223,s29,h29,chr1,247978540,247978543,1,4,4,0,1.000
WG_IAD217223,s30,h30,chr1,248525637,248525640,1,4,4,0,1.000
WG_IAD217223,s31,h31,chr10,7605076,7605079,1,4,4,0,1.000
WG_IAD217223,s32,h32,chr10,46999590,46999593,1,4,4,0,1.000
WG_IAD217223,s33,h33,chr10,64967949,64967952,1,4,4,0,1.000
WG_IAD217223,s34,h34,chr10,91497901,91497904,1,4,4,0,1.000
WG_IAD217223,s35,h35,chr10,97920098,97920101,1,4,4,0,1.000
WG_IAD217223,s36,h36,chr10,99126520,99126523,1,4,4,0,1.000
WG_IAD217223,s37,h37,chr10,116931100,116931103,1,4,4,0,1.000
WG_IAD217223,s38,h38,chr10,118383462,118383465,1,4,4,0,1.000
WG_IAD217223,s39,h39,chr10,125780751,125780754,1,4,4,0,1.000
WG_IAD217223,s40,h40,chr10,129536991,129536994,1,4,4,0,1.000
WG_IAD217223,s41,h41,chr11,3661584,3661587,1,4,4,0,1.000
WG_IAD217223,s42,h42,chr11,4389403,4389406,1,4,4,0,1.000
WG_IAD217223,s43,h43,chr11,6567894,6567897,1,4,4,0,1.000
WG_IAD217223,s44,h44,chr11,14101492,14101495,1,4,4,0,1.000
WG_IAD217223,s45,h45,chr11,46724715,46724718,1,4,4,0,1.000
WG_IAD217223,s46,h46,chr11,47788662,47788665,1,4,4,0,1.000
WG_IAD217223,s47,h47,chr11,48285980,48285983,1,4,4,0,1.000
WG_IAD217223,s48,h48,chr11,57799107,57799110,1,4,4,0,1.000
WG_IAD217223,s49,h49,chr11,60165351,60165354,1,4,4,0,1.000
WG_IAD217223,s50,h50,chr11,61114008,61114011,1,4,4,0,1.000
WG_IAD217223,s51,h51,chr11,65487789,65487792,1,4,4,0,1.000
WG_IAD217223,s52,h52,chr11,67765162,67765165,1,4,4,0,1.000
WG_IAD217223,s53,h53,chr11,67786063,67786066,1,4,4,0,1.000
WG_IAD217223,s54,h54,chr11,67789292,67789295,1,4,4,0,1.000
WG_IAD217223,s55,h55,chr11,73020374,73020377,1,4,4,0,1.000
WG_IAD217223,s56,h56,chr11,76751540,76751543,1,4,4,0,1.000
WG_IAD217223,s57,h57,chr11,76751602,76751605,1,4,4,0,1.000
WG_IAD217223,s58,h58,chr11,76895769,76895772,1,4,4,0,1.000
WG_IAD217223,s59,h59,chr11,94699506,94699509,1,4,4,0,1.000
WG_IAD217223,s60,h60,chr11,102738792,102738795,1,4,4,0,1.000
WG_IAD217223,s61,h61,chr11,111742144,111742147,1,4,4,0,1.000
WG_IAD217223,s62,h62,chr11,111853105,111853108,1,4,4,0,1.000
WG_IAD217223,s63,h63,chr11,112832338,112832341,1,4,4,0,1.000
WG_IAD217223,s64,h64,chr11,118406327,118406330,1,4,4,0,1.000
WG_IAD217223,s65,h65,chr11,118529043,118529046,1,4,4,0,1.000
WG_IAD217223,s66,h66,chr11,118898434,118898437,1,4,4,0,1.000
WG_IAD217223,s67,h67,chr11,118939938,118939941,1,4,4,0,1.000
WG_IAD217223,s68,h68,chr11,125452299,125452302,1,4,4,0,1.000
WG_IAD217223,s69,h69,chr12,974354,974357,1,4,4,0,1.000
WG_IAD217223,s70,h70,chr12,7080209,7080212,1,4,4,0,1.000
WG_IAD217223,s71,h71,chr12,8374780,8374783,1,4,4,0,1.000
WG_IAD217223,s72,h72,chr12,9098994,9098997,1,4,4,0,1.000
WG_IAD217223,s73,h73,chr12,14720553,14720556,1,4,4,0,1.000
WG_IAD217223,s74,h74,chr12,14976416,14976419,1,4,4,0,1.000
WG_IAD217223,s75,h75,chr12,18435397,18435400,1,4,4,0,1.000
WG_IAD217223,s76,h76,chr12,51740406,51740409,1,4,4,0,1.000
WG_IAD217223,s77,h77,chr12,51740414,51740417,1,4,4,0,1.000
WG_IAD217223,s78,h78,chr12,51740415,51740418,1,4,4,0,1.000
WG_IAD217223,s79,h79,chr12,53207582,53207585,1,4,4,0,1.000
WG_IAD217223,s80,h80,chr12,55714405,55714408,1,4,4,0,1.000
WG_IAD217223,s81,h81,chr12,64712545,64712548,1,4,4,0,1.000
WG_IAD217223,s82,h82,chr12,85638644,85638647,1,4,4,0,1.000
WG_IAD217223,s83,h83,chr12,91347769,91347772,1,4,4,0,1.000
WG_IAD217223,s84,h84,chr12,109017649,109017652,1,4,4,0,1.000
WG_IAD217223,s85,h85,chr12,113796460,113796463,1,4,4,0,1.000
WG_IAD217223,s86,h86,chr12,122359396,122359399,1,4,4,0,1.000
WG_IAD217223,s87,h87,chr12,122614208,122614211,1,4,4,0,1.000
WG_IAD217223,s88,h88,chr12,124824720,124824723,1,4,4,0,1.000
WG_IAD217223,s89,h89,chr13,25671096,25671099,1,4,4,0,1.000
WG_IAD217223,s90,h90,chr13,25671148,25671151,1,4,4,0,1.000
WG_IAD217223,s91,h91,chr13,25671153,25671156,1,4,4,0,1.000
WG_IAD217223,s92,h92,chr13,25671309,25671312,1,4,4,0,1.000
WG_IAD217223,s93,h93,chr13,97639878,97639881,1,4,4,0,1.000
WG_IAD217223,s94,h94,chr13,112723110,112723113,1,4,4,0,1.000
WG_IAD217223,s95,h95,chr14,20666174,20666177,1,4,4,0,1.000
WG_IAD217223,s96,h96,chr14,24646405,24646408,1,4,4,0,1.000
WG_IAD217223,s97,h97,chr14,24683265,24683268,1,4,4,0,1.000
WG_IAD217223,s98,h98,chr14,30396621,30396624,1,4,4,0,1.000
WG_IAD217223,s99,h99,chr14,53619479,53619482,1,4,4,0,1.000
WG_IAD217223,s100,h100,chr14,63784406,63784409,1,4,4,0,1.000
WG_IAD217223,s101,h101,chr14,91360732,91360735,1,4,4,0,1.000
WG_IAD217223,s102,h102,chr14,95903306,95903309,1,4,4,0,1.000
WG_IAD217223,s103,h103,chr14,105055117,105055120,1,4,4,0,1.000
WG_IAD217223,s104,h104,chr14,105996048,105996051,1,4,4,0,1.000
WG_IAD217223,s105,h105,chr15,30665279,30665282,0,0,4,4,0.000
WG_IAD217223,s106,h106,chr15,44119312,44119315,1,4,4,0,1.000
WG_IAD217223,s107,h107,chr15,71276479,71276482,1,4,4,0,1.000
WG_IAD217223,s108,h108,chr15,85438310,85438313,1,4,4,0,1.000
WG_IAD217223,s109,h109,chr15,93198677,93198680,1,4,4,0,1.000
WG_IAD217223,s110,h110,chr15,99511803,99511806,1,4,4,0,1.000
WG_IAD217223,s111,h111,chr15,102029684,102029687,1,4,4,0,1.000
WG_IAD217223,s112,h112,chr16,129265,129268,1,4,4,0,1.000
WG_IAD217223,s113,h113,chr16,138771,138774,1,4,4,0,1.000
WG_IAD217223,s114,h114,chr16,855516,855519,1,4,4,0,1.000
WG_IAD217223,s115,h115,chr16,863354,863357,1,4,4,0,1.000
WG_IAD217223,s116,h116,chr16,2059620,2059623,1,4,4,0,1.000
WG_IAD217223,s117,h117,chr16,3119296,3119299,1,4,4,0,1.000
WG_IAD217223,s118,h118,chr16,3602226,3602229,1,4,4,0,1.000
WG_IAD217223,s119,h119,chr16,5122071,5122074,1,4,4,0,1.000
WG_IAD217223,s120,h120,chr16,10524655,10524658,1,4,4,0,1.000
WG_IAD217223,s121,h121,chr16,22019645,22019648,1,4,4,0,1.000
WG_IAD217223,s122,h122,chr16,24564878,24564881,1,4,4,0,1.000
WG_IAD217223,s123,h123,chr16,29912801,29912804,1,4,4,0,1.000
WG_IAD217223,s124,h124,chr16,56504530,56504533,1,4,4,0,1.000
WG_IAD217223,s125,h125,chr16,58577314,58577317,1,4,4,0,1.000
WG_IAD217223,s126,h126,chr16,71956510,71956513,1,4,4,0,1.000
WG_IAD217223,s127,h127,chr16,71981413,71981416,1,4,4,0,1.000
WG_IAD217223,s128,h128,chr16,74425620,74425623,1,4,4,0,1.000
WG_IAD217223,s129,h129,chr16,76311601,76311604,1,4,4,0,1.000
WG_IAD217223,s130,h130,chr16,81161472,81161475,1,4,4,0,1.000
WG_IAD217223,s131,h131,chr16,81242147,81242150,1,4,4,0,1.000
WG_IAD217223,s132,h132,chr16,88599694,88599697,1,4,4,0,1.000
WG_IAD217223,s133,h133,chr16,88599699,88599702,1,4,4,0,1.000
WG_IAD217223,s134,h134,chr16,88599701,88599704,1,4,4,0,1.000
WG_IAD217223,s135,h135,chr16,88780633,88780636,1,4,4,0,1.000
WG_IAD217223,s136,h136,chr16,89291209,89291212,1,4,4,0,1.000
WG_IAD217223,s137,h137,chr17,3594275,3594278,1,4,4,0,1.000
WG_IAD217223,s138,h138,chr17,4575321,4575324,1,4,4,0,1.000
WG_IAD217223,s139,h139,chr17,6555545,6555548,1,4,4,0,1.000
WG_IAD217223,s140,h140,chr17,7123239,7123242,1,4,4,0,1.000
WG_IAD217223,s141,h141,chr17,7165394,7165397,1,4,4,0,1.000
WG_IAD217223,s142,h142,chr17,7470284,7470287,1,4,4,0,1.000
WG_IAD217223,s143,h143,chr17,8725213,8725216,1,4,4,0,1.000
WG_IAD217223,s144,h144,chr17,15498210,15498213,1,4,4,0,1.000
WG_IAD217223,s145,h145,chr17,16256685,16256688,1,4,4,0,1.000
WG_IAD217223,s146,h146,chr17,17039560,17039563,1,4,4,0,1.000
WG_IAD217223,s147,h147,chr17,26684389,26684392,1,4,4,0,1.000
WG_IAD217223,s148,h148,chr17,26692223,26692226,1,4,4,0,1.000
WG_IAD217223,s149,h149,chr17,26699194,26699197,1,4,4,0,1.000
WG_IAD217223,s150,h150,chr17,26699198,26699201,1,4,4,0,1.000
WG_IAD217223,s151,h151,chr17,26699204,26699207,1,4,4,0,1.000
WG_IAD217223,s152,h152,chr17,26708297,26708300,1,4,4,0,1.000
WG_IAD217223,s153,h153,chr17,26708301,26708304,1,4,4,0,1.000
WG_IAD217223,s154,h154,chr17,26727720,26727723,1,4,4,0,1.000
WG_IAD217223,s155,h155,chr17,26817796,26817799,1,4,4,0,1.000
WG_IAD217223,s156,h156,chr17,34100349,34100352,1,4,4,0,1.000
WG_IAD217223,s157,h157,chr17,39471751,39471754,1,4,4,0,1.000
WG_IAD217223,s158,h158,chr17,43192548,43192551,1,4,4,0,1.000
WG_IAD217223,s159,h159,chr17,43364292,43364295,1,4,4,0,1.000
WG_IAD217223,s160,h160,chr17,46115071,46115074,1,4,4,0,1.000
WG_IAD217223,s161,h161,chr17,46115083,46115086,1,4,4,0,1.000
WG_IAD217223,s162,h162,chr17,48227383,48227386,1,4,4,0,1.000
WG_IAD217223,s163,h163,chr17,48227402,48227405,1,4,4,0,1.000
WG_IAD217223,s164,h164,chr17,56598212,56598215,1,4,4,0,1.000
WG_IAD217223,s165,h165,chr17,56833456,56833459,1,4,4,0,1.000
WG_IAD217223,s166,h166,chr17,61660888,61660891,1,4,4,0,1.000
WG_IAD217223,s167,h167,chr17,61781330,61781333,1,4,4,0,1.000
WG_IAD217223,s168,h168,chr17,74288563,74288566,1,4,4,0,1.000
WG_IAD217223,s169,h169,chr17,79219499,79219502,1,4,4,0,1.000
WG_IAD217223,s170,h170,chr18,42456669,42456672,1,4,4,0,1.000
WG_IAD217223,s171,h171,chr18,43833700,43833703,1,4,4,0,1.000
WG_IAD217223,s172,h172,chr18,47405424,47405427,1,4,4,0,1.000
WG_IAD217223,s173,h173,chr18,67863849,67863852,1,4,4,0,1.000
WG_IAD217223,s174,h174,chr18,74090956,74090959,1,4,4,0,1.000
WG_IAD217223,s175,h175,chr18,77160366,77160369,1,4,4,0,1.000
WG_IAD217223,s176,h176,chr19,633545,633548,1,4,4,0,1.000
WG_IAD217223,s177,h177,chr19,1009184,1009187,1,4,4,0,1.000
WG_IAD217223,s178,h178,chr19,1535192,1535195,1,4,4,0,1.000
WG_IAD217223,s179,h179,chr19,1808225,1808228,1,4,4,0,1.000
WG_IAD217223,s180,h180,chr19,1979857,1979860,1,4,4,0,1.000
WG_IAD217223,s181,h181,chr19,2340153,2340156,1,4,4,0,1.000
WG_IAD217223,s182,h182,chr19,4199808,4199811,1,4,4,0,1.000
WG_IAD217223,s183,h183,chr19,7938305,7938308,1,4,4,0,1.000
WG_IAD217223,s184,h184,chr19,11097198,11097201,1,4,4,0,1.000
WG_IAD217223,s185,h185,chr19,11459664,11459667,1,4,4,0,1.000
WG_IAD217223,s186,h186,chr19,14070705,14070708,1,4,4,0,1.000
WG_IAD217223,s187,h187,chr19,15052982,15052985,1,4,4,0,1.000
WG_IAD217223,s188,h188,chr19,18717388,18717391,1,4,4,0,1.000
WG_IAD217223,s189,h189,chr19,41928866,41928869,1,4,4,0,1.000
WG_IAD217223,s190,h190,chr19,42083738,42083741,1,4,4,0,1.000
WG_IAD217223,s191,h191,chr19,43865318,43865321,0,0,4,4,0.000
WG_IAD217223,s192,h192,chr19,43865323,43865326,0,0,4,4,0.000
WG_IAD217223,s193,h193,chr19,44589998,44590001,1,4,4,0,1.000
WG_IAD217223,s194,h194,chr19,45016989,45016992,1,4,4,0,1.000
WG_IAD217223,s195,h195,chr19,46815702,46815705,1,4,4,0,1.000
WG_IAD217223,s196,h196,chr19,49442848,49442851,1,4,4,0,1.000
WG_IAD217223,s197,h197,chr19,49573361,49573364,1,4,4,0,1.000
WG_IAD217223,s198,h198,chr19,51835891,51835894,1,4,4,0,1.000
WG_IAD217223,s199,h199,chr19,52803668,52803671,1,4,4,0,1.000
WG_IAD217223,s200,h200,chr19,53454474,53454477,1,4,4,0,1.000
WG_IAD217223,s201,h201,chr19,53952884,53952887,1,4,4,0,1.000
WG_IAD217223,s202,h202,chr19,54726700,54726703,1,4,4,0,1.000
WG_IAD217223,s203,h203,chr19,54973987,54973990,1,4,4,0,1.000
WG_IAD217223,s204,h204,chr19,55350962,55350965,1,4,4,0,1.000
WG_IAD217223,s205,h205,chr19,55869878,55869881,1,4,4,0,1.000
WG_IAD217223,s206,h206,chr19,56052336,56052339,1,4,4,0,1.000
WG_IAD217223,s207,h207,chr19,56599436,56599439,1,4,4,0,1.000
WG_IAD217223,s208,h208,chr19,57742492,57742495,1,4,4,0,1.000
WG_IAD217223,s209,h209,chr19,57742530,57742533,1,4,4,0,1.000
WG_IAD217223,s210,h210,chr19,57988665,57988668,1,4,4,0,1.000
WG_IAD217223,s211,h211,chr19,58718359,58718362,1,4,4,0,1.000
WG_IAD217223,s212,h212,chr2,3749150,3749153,1,4,4,0,1.000
WG_IAD217223,s213,h213,chr2,17962992,17962995,1,4,4,0,1.000
WG_IAD217223,s214,h214,chr2,24387177,24387180,1,4,4,0,1.000
WG_IAD217223,s215,h215,chr2,31805879,31805882,1,4,4,0,1.000
WG_IAD217223,s216,h216,chr2,73675226,73675229,1,4,4,0,1.000
WG_IAD217223,s217,h217,chr2,74329186,74329189,1,4,4,0,1.000
WG_IAD217223,s218,h218,chr2,131129927,131129930,1,4,4,0,1.000
WG_IAD217223,s219,h219,chr2,176988289,176988292,1,4,4,0,1.000
WG_IAD217223,s220,h220,chr2,178494172,178494175,1,4,4,0,1.000
WG_IAD217223,s221,h221,chr2,211421451,211421454,1,4,4,0,1.000
WG_IAD217223,s222,h222,chr2,220361589,220361592,1,4,4,0,1.000
WG_IAD217223,s223,h223,chr2,223066016,223066019,1,4,4,0,1.000
WG_IAD217223,s224,h224,chr2,231861031,231861034,1,4,4,0,1.000
WG_IAD217223,s225,h225,chr2,232225534,232225537,1,4,4,0,1.000
WG_IAD217223,s226,h226,chr2,232458084,232458087,1,4,4,0,1.000
WG_IAD217223,s227,h227,chr20,238434,238437,1,4,4,0,1.000
WG_IAD217223,s228,h228,chr20,21186160,21186163,1,4,4,0,1.000
WG_IAD217223,s229,h229,chr20,25434091,25434094,1,4,4,0,1.000
WG_IAD217223,s230,h230,chr20,25457048,25457051,1,4,4,0,1.000
WG_IAD217223,s231,h231,chr20,35807789,35807792,1,4,4,0,1.000
WG_IAD217223,s232,h232,chr21,11098684,11098687,1,4,4,0,1.000
WG_IAD217223,s233,h233,chr21,31913980,31913983,1,4,4,0,1.000
WG_IAD217223,s234,h234,chr21,32201968,32201971,1,4,4,0,1.000
WG_IAD217223,s235,h235,chr21,34635052,34635055,1,4,4,0,1.000
WG_IAD217223,s236,h236,chr21,34948683,34948686,1,4,4,0,1.000
WG_IAD217223,s237,h237,chr21,34948695,34948698,1,4,4,0,1.000
WG_IAD217223,s238,h238,chr21,40883670,40883673,1,4,4,0,1.000
WG_IAD217223,s239,h239,chr21,45959555,45959558,1,4,4,0,1.000
WG_IAD217223,s240,h240,chr21,45959556,45959559,1,4,4,0,1.000
WG_IAD217223,s241,h241,chr21,45970758,45970761,1,4,4,0,1.000
WG_IAD217223,s242,h242,chr21,46685559,46685562,1,4,4,0,1.000
WG_IAD217223,s243,h243,chr21,46924424,46924427,1,4,4,0,1.000
WG_IAD217223,s244,h244,chr21,47721984,47721987,1,4,4,0,1.000
WG_IAD217223,s245,h245,chr22,19189002,19189005,1,4,4,0,1.000
WG_IAD217223,s246,h246,chr22,29707638,29707641,1,4,4,0,1.000
WG_IAD217223,s247,h247,chr22,36587844,36587847,1,4,4,0,1.000
WG_IAD217223,s248,h248,chr22,37964407,37964410,1,4,4,0,1.000
WG_IAD217223,s249,h249,chr22,38119753,38119756,1,4,4,0,1.000
WG_IAD217223,s250,h250,chr22,38120174,38120177,1,4,4,0,1.000
WG_IAD217223,s251,h251,chr22,39496321,39496324,1,4,4,0,1.000
WG_IAD217223,s252,h252,chr22,45810277,45810280,1,4,4,0,1.000
WG_IAD217223,s253,h253,chr22,51042512,51042515,1,4,4,0,1.000
WG_IAD217223,s254,h254,chr3,14561626,14561629,1,4,4,0,1.000
WG_IAD217223,s255,h255,chr3,46501283,46501286,1,4,4,0,1.000
WG_IAD217223,s256,h256,chr3,49395672,49395675,1,4,4,0,1.000
WG_IAD217223,s257,h257,chr3,50306751,50306754,1,4,4,0,1.000
WG_IAD217223,s258,h258,chr3,53324818,53324821,1,4,4,0,1.000
WG_IAD217223,s259,h259,chr3,56650050,56650053,1,4,4,0,1.000
WG_IAD217223,s260,h260,chr3,56650053,56650056,1,4,4,0,1.000
WG_IAD217223,s261,h261,chr3,100170599,100170602,1,4,4,0,1.000
WG_IAD217223,s262,h262,chr3,121351314,121351317,1,4,4,0,1.000
WG_IAD217223,s263,h263,chr3,122459289,122459292,1,4,4,0,1.000
WG_IAD217223,s264,h264,chr3,124646704,124646707,1,4,4,0,1.000
WG_IAD217223,s265,h265,chr3,125725267,125725270,1,4,4,0,1.000
WG_IAD217223,s266,h266,chr3,130190719,130190722,1,4,4,0,1.000
WG_IAD217223,s267,h267,chr3,149238594,149238597,1,4,4,0,1.000
WG_IAD217223,s268,h268,chr3,167747640,167747643,1,4,4,0,1.000
WG_IAD217223,s269,h269,chr3,189507517,189507520,1,4,4,0,1.000
WG_IAD217223,s270,h270,chr3,190106070,190106073,1,4,4,0,1.000
WG_IAD217223,s271,h271,chr4,85994,85997,1,4,4,0,1.000
WG_IAD217223,s272,h272,chr4,86015,86018,1,4,4,0,1.000
WG_IAD217223,s273,h273,chr4,86030,86033,1,4,4,0,1.000
WG_IAD217223,s274,h274,chr4,86033,86036,1,4,4,0,1.000
WG_IAD217223,s275,h275,chr4,87312,87315,1,4,4,0,1.000
WG_IAD217223,s276,h276,chr4,1087326,1087329,1,4,4,0,1.000
WG_IAD217223,s277,h277,chr4,3446412,3446415,1,4,4,0,1.000
WG_IAD217223,s278,h278,chr4,56502272,56502275,1,4,4,0,1.000
WG_IAD217223,s279,h279,chr4,71468344,71468347,1,4,4,0,1.000
WG_IAD217223,s280,h280,chr4,77065317,77065320,1,4,4,0,1.000
WG_IAD217223,s281,h281,chr4,101401160,101401163,1,4,4,0,1.000
WG_IAD217223,s282,h282,chr4,119947960,119947963,1,4,4,0,1.000
WG_IAD217223,s283,h283,chr4,152201017,152201020,1,4,4,0,1.000
WG_IAD217223,s284,h284,chr4,177605080,177605083,1,4,4,0,1.000
WG_IAD217223,s285,h285,chr5,36608726,36608729,1,4,4,0,1.000
WG_IAD217223,s286,h286,chr5,65892766,65892769,1,4,4,0,1.000
WG_IAD217223,s287,h287,chr5,74491714,74491717,1,4,4,0,1.000
WG_IAD217223,s288,h288,chr5,77745852,77745855,1,4,4,0,1.000
WG_IAD217223,s289,h289,chr5,79950723,79950726,1,4,4,0,1.000
WG_IAD217223,s290,h290,chr5,109190934,109190937,1,4,4,0,1.000
WG_IAD217223,s291,h291,chr5,113698630,113698633,1,4,4,0,1.000
WG_IAD217223,s292,h292,chr5,135276200,135276203,1,4,4,0,1.000
WG_IAD217223,s293,h293,chr5,135513084,135513087,1,4,4,0,1.000
WG_IAD217223,s294,h294,chr5,139931627,139931630,1,4,4,0,1.000
WG_IAD217223,s295,h295,chr5,139931628,139931631,1,4,4,0,1.000
WG_IAD217223,s296,h296,chr5,140558312,140558315,1,4,4,0,1.000
WG_IAD217223,s297,h297,chr5,140558314,140558317,1,4,4,0,1.000
WG_IAD217223,s298,h298,chr5,140568033,140568036,1,4,4,0,1.000
WG_IAD217223,s299,h299,chr5,140574168,140574171,1,4,4,0,1.000
WG_IAD217223,s300,h300,chr5,141324954,141324957,1,4,4,0,1.000
WG_IAD217223,s301,h301,chr5,147856256,147856259,1,4,4,0,1.000
WG_IAD217223,s302,h302,chr5,148207666,148207669,1,4,4,0,1.000
WG_IAD217223,s303,h303,chr5,156479556,156479559,1,4,4,0,1.000
WG_IAD217223,s304,h304,chr5,156721862,156721865,1,4,4,0,1.000
WG_IAD217223,s305,h305,chr5,175811093,175811096,1,4,4,0,1.000
WG_IAD217223,s306,h306,chr6,1391084,1391087,1,4,4,0,1.000
WG_IAD217223,s307,h307,chr6,31324600,31324603,1,4,4,0,1.000
WG_IAD217223,s308,h308,chr6,31324602,31324605,1,4,4,0,1.000
WG_IAD217223,s309,h309,chr6,31380159,31380162,1,4,4,0,1.000
WG_IAD217223,s310,h310,chr6,32634298,32634301,1,4,4,0,1.000
WG_IAD217223,s311,h311,chr6,32634299,32634302,1,4,4,0,1.000
WG_IAD217223,s312,h312,chr6,41754572,41754575,1,4,4,0,1.000
WG_IAD217223,s313,h313,chr6,116600464,116600467,1,4,4,0,1.000
WG_IAD217223,s314,h314,chr6,136359279,136359282,1,4,4,0,1.000
WG_IAD217223,s315,h315,chr6,136847115,136847118,1,4,4,0,1.000
WG_IAD217223,s316,h316,chr6,138539182,138539185,1,4,4,0,1.000
WG_IAD217223,s317,h317,chr6,160211644,160211647,1,4,4,0,1.000
WG_IAD217223,s318,h318,chr6,160560896,160560899,1,4,4,0,1.000
WG_IAD217223,s319,h319,chr6,167453518,167453521,1,4,4,0,1.000
WG_IAD217223,s320,h320,chr7,1586652,1586655,1,4,4,0,1.000
WG_IAD217223,s321,h321,chr7,25266568,25266571,1,4,4,0,1.000
WG_IAD217223,s322,h322,chr7,28997595,28997598,1,4,4,0,1.000
WG_IAD217223,s323,h323,chr7,36552728,36552731,1,4,4,0,1.000
WG_IAD217223,s324,h324,chr7,36552789,36552792,1,4,4,0,1.000
WG_IAD217223,s325,h325,chr7,51098566,51098569,1,4,4,0,1.000
WG_IAD217223,s326,h326,chr7,64169016,64169019,1,4,4,0,1.000
WG_IAD217223,s327,h327,chr7,64169018,64169021,1,4,4,0,1.000
WG_IAD217223,s328,h328,chr7,75914933,75914936,1,4,4,0,1.000
WG_IAD217223,s329,h329,chr7,76240784,76240787,1,4,4,0,1.000
WG_IAD217223,s330,h330,chr7,82581487,82581490,1,4,4,0,1.000
WG_IAD217223,s331,h331,chr7,82784830,82784833,1,4,4,0,1.000
WG_IAD217223,s332,h332,chr7,82784832,82784835,1,4,4,0,1.000
WG_IAD217223,s333,h333,chr7,90894458,90894461,1,4,4,0,1.000
WG_IAD217223,s334,h334,chr7,100283065,100283068,1,4,4,0,1.000
WG_IAD217223,s335,h335,chr7,100371475,100371478,1,4,4,0,1.000
WG_IAD217223,s336,h336,chr7,102574998,102575001,1,4,4,0,1.000
WG_IAD217223,s337,h337,chr7,128533513,128533516,1,4,4,0,1.000
WG_IAD217223,s338,h338,chr7,128550679,128550682,1,4,4,0,1.000
WG_IAD217223,s339,h339,chr7,149426304,149426307,1,4,4,0,1.000
WG_IAD217223,s340,h340,chr7,149476665,149476668,1,4,4,0,1.000
WG_IAD217223,s341,h341,chr7,149503915,149503918,1,4,4,0,1.000
WG_IAD217223,s342,h342,chr7,149506210,149506213,1,4,4,0,1.000
WG_IAD217223,s343,h343,chr7,149515187,149515190,1,4,4,0,1.000
WG_IAD217223,s344,h344,chr7,149518531,149518534,1,4,4,0,1.000
WG_IAD217223,s345,h345,chr7,150713901,150713904,1,4,4,0,1.000
WG_IAD217223,s346,h346,chr7,150783918,150783921,1,4,4,0,1.000
WG_IAD217223,s347,h347,chr7,150783921,150783924,1,4,4,0,1.000
WG_IAD217223,s348,h348,chr8,494657,494660,1,4,4,0,1.000
WG_IAD217223,s349,h349,chr8,6673376,6673379,1,4,4,0,1.000
WG_IAD217223,s350,h350,chr8,8234867,8234870,1,4,4,0,1.000
WG_IAD217223,s351,h351,chr8,8887541,8887544,1,4,4,0,1.000
WG_IAD217223,s352,h352,chr8,10465543,10465546,1,4,4,0,1.000
WG_IAD217223,s353,h353,chr8,21966699,21966702,1,4,4,0,1.000
WG_IAD217223,s354,h354,chr8,21966706,21966709,1,4,4,0,1.000
WG_IAD217223,s355,h355,chr8,22262227,22262230,1,4,4,0,1.000
WG_IAD217223,s356,h356,chr8,24811063,24811066,1,4,4,0,1.000
WG_IAD217223,s357,h357,chr8,30620839,30620842,1,4,4,0,1.000
WG_IAD217223,s358,h358,chr8,38827184,38827187,1,4,4,0,1.000
WG_IAD217223,s359,h359,chr8,48805815,48805818,1,4,4,0,1.000
WG_IAD217223,s360,h360,chr8,86126826,86126829,1,4,4,0,1.000
WG_IAD217223,s361,h361,chr8,103573009,103573012,1,4,4,0,1.000
WG_IAD217223,s362,h362,chr8,116635871,116635874,1,4,4,0,1.000
WG_IAD217223,s363,h363,chr8,143746086,143746089,1,4,4,0,1.000
WG_IAD217223,s364,h364,chr8,144649540,144649543,1,4,4,0,1.000
WG_IAD217223,s365,h365,chr8,145106937,145106940,1,4,4,0,1.000
WG_IAD217223,s366,h366,chr8,145581124,145581127,1,4,4,0,1.000
WG_IAD217223,s367,h367,chr8,145617533,145617536,1,4,4,0,1.000
WG_IAD217223,s368,h368,chr8,145738766,145738769,1,4,4,0,1.000
WG_IAD217223,s369,h369,chr9,12775860,12775863,1,4,4,0,1.000
WG_IAD217223,s370,h370,chr9,38571975,38571978,1,4,4,0,1.000
WG_IAD217223,s371,h371,chr9,79318374,79318377,1,4,4,0,1.000
WG_IAD217223,s372,h372,chr9,79324134,79324137,1,4,4,0,1.000
WG_IAD217223,s373,h373,chr9,85862791,85862794,1,4,4,0,1.000
WG_IAD217223,s374,h374,chr9,88937850,88937853,1,4,4,0,1.000
WG_IAD217223,s375,h375,chr9,97080943,97080946,0,0,4,4,0.000
WG_IAD217223,s376,h376,chr9,107367391,107367394,1,4,4,0,1.000
WG_IAD217223,s377,h377,chr9,125772779,125772782,1,4,4,0,1.000
WG_IAD217223,s378,h378,chr9,130165009,130165012,1,4,4,0,1.000
WG_IAD217223,s379,h379,chr9,132630663,132630666,1,4,4,0,1.000
WG_IAD217223,s380,h380,chr9,139235480,139235483,1,4,4,0,1.000
WG_IAD217223,s381,h381,chr9,140918169,140918172,1,4,4,0,1.000
WG_IAD217223,s382,h382,chrX,1755459,1755462,1,4,4,0,1.000
WG_IAD217223,s383,h383,chrX,2835997,2836000,1,4,4,0,1.000
WG_IAD217223,s384,h384,chrX,50121145,50121148,1,4,4,0,1.000
WG_IAD217223,s385,h385,chrX,51239294,51239297,1,4,4,0,1.000
WG_IAD217223,s386,h386,chrX,56295437,56295440,1,4,4,0,1.000
WG_IAD217223,s387,h387,chrX,101395779,101395782,1,4,4,0,1.000
WG_IAD217223,s388,h388,chrX,104464275,104464278,1,4,4,0,1.000
WG_IAD217223,s389,h389,chrX,104464280,104464283,1,4,4,0,1.000
WG_IAD217223,s390,h390,chrX,122336599,122336602,1,4,4,0,1.000
WG_IAD217223,s391,h391,chrX,135474443,135474446,1,4,4,0,1.000
WG_IAD217223,s392,h392,chrX,152864512,152864515,1,4,4,0,1.000
WG_IAD217223,s393,h393,chrX,153149707,153149710,1,4,4,0,1.000
WG_IAD217223,s394,h394,chrX,153151279,153151282,1,4,4,0,1.000
WG_IAD217223,s395,h395,chr1,981890,981893,1,4,4,0,1.000
WG_IAD217223,s396,h396,chr1,3624161,3624164,1,4,4,0,1.000
WG_IAD217223,s397,h397,chr1,9324462,9324465,1,4,4,0,1.000
WG_IAD217223,s398,h398,chr1,10725411,10725414,1,4,4,0,1.000
WG_IAD217223,s399,h399,chr1,12785493,12785496,1,4,4,0,1.000
WG_IAD217223,s400,h400,chr1,24418766,24418769,1,4,4,0,1.000
WG_IAD217223,s401,h401,chr1,45266166,45266169,1,4,4,0,1.000
WG_IAD217223,s402,h402,chr1,45279373,45279376,1,4,4,0,1.000
WG_IAD217223,s403,h403,chr1,110607463,110607466,1,4,4,0,1.000
WG_IAD217223,s404,h404,chr1,152082758,152082761,1,4,4,0,1.000
WG_IAD217223,s405,h405,chr1,201180727,201180730,1,4,4,0,1.000
WG_IAD217223,s406,h406,chr1,204242836,204242839,1,4,4,0,1.000
WG_IAD217223,s407,h407,chr1,219383865,219383868,1,4,4,0,1.000
WG_IAD217223,s408,h408,chr1,231473060,231473063,1,4,4,0,1.000
WG_IAD217223,s409,h409,chr10,26357746,26357749,1,4,4,0,1.000
WG_IAD217223,s410,h410,chr10,33552694,33552697,1,4,4,0,1.000
WG_IAD217223,s411,h411,chr10,72643669,72643672,1,4,4,0,1.000
WG_IAD217223,s412,h412,chr10,106075418,106075421,1,4,4,0,1.000
WG_IAD217223,s413,h413,chr10,106075425,106075428,1,4,4,0,1.000
WG_IAD217223,s414,h414,chr10,125805649,125805652,1,4,4,0,1.000
WG_IAD217223,s415,h415,chr11,1718674,1718677,1,4,4,0,1.000
WG_IAD217223,s416,h416,chr11,5906289,5906292,1,4,4,0,1.000
WG_IAD217223,s417,h417,chr11,36596027,36596030,1,4,4,0,1.000
WG_IAD217223,s418,h418,chr11,48367049,48367052,1,4,4,0,1.000
WG_IAD217223,s419,h419,chr11,56258140,56258143,1,4,4,0,1.000
WG_IAD217223,s420,h420,chr11,56468019,56468022,1,4,4,0,1.000
WG_IAD217223,s421,h421,chr11,120775999,120776002,1,4,4,0,1.000
WG_IAD217223,s422,h422,chr12,247898,247901,1,4,4,0,1.000
WG_IAD217223,s423,h423,chr12,10603668,10603671,1,4,4,0,1.000
WG_IAD217223,s424,h424,chr12,48919658,48919661,1,4,4,0,1.000
WG_IAD217223,s425,h425,chr12,49374326,49374329,1,4,4,0,1.000
WG_IAD217223,s426,h426,chr12,53242477,53242480,1,4,4,0,1.000
WG_IAD217223,s427,h427,chr12,57593719,57593722,1,4,4,0,1.000
WG_IAD217223,s428,h428,chr12,57865041,57865044,1,4,4,0,1.000
WG_IAD217223,s429,h429,chr12,63195698,63195701,1,4,4,0,1.000
WG_IAD217223,s430,h430,chr12,117693814,117693817,1,4,4,0,1.000
WG_IAD217223,s431,h431,chr12,133150998,133151001,1,4,4,0,1.000
WG_IAD217223,s432,h432,chr13,25008628,25008631,1,4,4,0,1.000
WG_IAD217223,s433,h433,chr13,43148563,43148566,1,4,4,0,1.000
WG_IAD217223,s434,h434,chr13,102106306,102106309,1,4,4,0,1.000
WG_IAD217223,s435,h435,chr13,110435828,110435831,1,4,4,0,1.000
WG_IAD217223,s436,h436,chr13,114514845,114514848,1,4,4,0,1.000
WG_IAD217223,s437,h437,chr14,24769248,24769251,1,4,4,0,1.000
WG_IAD217223,s438,h438,chr14,36003547,36003550,1,4,4,0,1.000
WG_IAD217223,s439,h439,chr14,47351284,47351287,1,4,4,0,1.000
WG_IAD217223,s440,h440,chr14,47351290,47351293,1,4,4,0,1.000
WG_IAD217223,s441,h441,chr14,60011903,60011906,1,4,4,0,1.000
WG_IAD217223,s442,h442,chr14,103568612,103568615,1,4,4,0,1.000
WG_IAD217223,s443,h443,chr14,105417835,105417838,1,4,4,0,1.000
WG_IAD217223,s444,h444,chr15,41313209,41313212,1,4,4,0,1.000
WG_IAD217223,s445,h445,chr15,66995857,66995860,1,4,4,0,1.000
WG_IAD217223,s446,h446,chr15,78834964,78834967,1,4,4,0,1.000
WG_IAD217223,s447,h447,chr15,90192430,90192433,1,4,4,0,1.000
WG_IAD217223,s448,h448,chr15,90192444,90192447,1,4,4,0,1.000
WG_IAD217223,s449,h449,chr15,90784205,90784208,1,4,4,0,1.000
WG_IAD217223,s450,h450,chr16,129652,129655,1,4,4,0,1.000
WG_IAD217223,s451,h451,chr16,56459108,56459111,1,4,4,0,1.000
WG_IAD217223,s452,h452,chr16,57071112,57071115,1,4,4,0,1.000
WG_IAD217223,s453,h453,chr16,67070579,67070582,1,4,4,0,1.000
WG_IAD217223,s454,h454,chr16,70896014,70896017,1,4,4,0,1.000
WG_IAD217223,s455,h455,chr16,77225416,77225419,1,4,4,0,1.000
WG_IAD217223,s456,h456,chr17,1547234,1547237,1,4,4,0,1.000
WG_IAD217223,s457,h457,chr17,6928018,6928021,1,4,4,0,1.000
WG_IAD217223,s458,h458,chr17,7812672,7812675,1,4,4,0,1.000
WG_IAD217223,s459,h459,chr17,19316607,19316610,1,4,4,0,1.000
WG_IAD217223,s460,h460,chr17,21318950,21318953,1,4,4,0,1.000
WG_IAD217223,s461,h461,chr17,21319006,21319009,1,4,4,0,1.000
WG_IAD217223,s462,h462,chr17,38512398,38512401,1,4,4,0,1.000
WG_IAD217223,s463,h463,chr17,42930936,42930939,1,4,4,0,1.000
WG_IAD217223,s464,h464,chr17,44109622,44109625,1,4,4,0,1.000
WG_IAD217223,s465,h465,chr17,48194981,48194984,1,4,4,0,1.000
WG_IAD217223,s466,h466,chr17,64881243,64881246,1,4,4,0,1.000
WG_IAD217223,s467,h467,chr17,71429893,71429896,1,4,4,0,1.000
WG_IAD217223,s468,h468,chr17,71429899,71429902,1,4,4,0,1.000
WG_IAD217223,s469,h469,chr17,74349814,74349817,1,4,4,0,1.000
WG_IAD217223,s470,h470,chr17,76354550,76354553,1,4,4,0,1.000
WG_IAD217223,s471,h471,chr17,76433897,76433900,1,4,4,0,1.000
WG_IAD217223,s472,h472,chr17,79870353,79870356,1,4,4,0,1.000
WG_IAD217223,s473,h473,chr18,9887714,9887717,1,4,4,0,1.000
WG_IAD217223,s474,h474,chr18,46163047,46163050,1,4,4,0,1.000
WG_IAD217223,s475,h475,chr18,60985778,60985781,1,4,4,0,1.000
WG_IAD217223,s476,h476,chr19,498077,498080,1,4,4,0,1.000
WG_IAD217223,s477,h477,chr19,2338755,2338758,1,4,4,0,1.000
WG_IAD217223,s478,h478,chr19,6415895,6415898,1,4,4,0,1.000
WG_IAD217223,s479,h479,chr19,14142703,14142706,1,4,4,0,1.000
WG_IAD217223,s480,h480,chr19,16259629,16259632,1,4,4,0,1.000
WG_IAD217223,s481,h481,chr19,34262977,34262980,1,4,4,0,1.000
WG_IAD217223,s482,h482,chr19,34973411,34973414,1,4,4,0,1.000
WG_IAD217223,s483,h483,chr19,36246490,36246493,1,4,4,0,1.000
WG_IAD217223,s484,h484,chr19,38912762,38912765,1,4,4,0,1.000
WG_IAD217223,s485,h485,chr19,38964319,38964322,1,4,4,0,1.000
WG_IAD217223,s486,h486,chr19,55359242,55359245,1,4,4,0,1.000
WG_IAD217223,s487,h487,chr19,55526102,55526105,1,4,4,0,1.000
WG_IAD217223,s488,h488,chr19,55790885,55790888,1,4,4,0,1.000
WG_IAD217223,s489,h489,chr19,55995598,55995601,1,4,4,0,1.000
WG_IAD217223,s490,h490,chr19,56041253,56041256,1,4,4,0,1.000
WG_IAD217223,s491,h491,chr19,56125529,56125532,1,4,4,0,1.000
WG_IAD217223,s492,h492,chr2,10045013,10045016,1,4,4,0,1.000
WG_IAD217223,s493,h493,chr2,15542411,15542414,1,4,4,0,1.000
WG_IAD217223,s494,h494,chr2,20823723,20823726,1,4,4,0,1.000
WG_IAD217223,s495,h495,chr2,48030690,48030693,1,4,4,0,1.000
WG_IAD217223,s496,h496,chr2,53995142,53995145,1,4,4,0,1.000
WG_IAD217223,s497,h497,chr2,65299163,65299166,1,4,4,0,1.000
WG_IAD217223,s498,h498,chr2,74687548,74687551,1,4,4,0,1.000
WG_IAD217223,s499,h499,chr2,131129942,131129945,1,4,4,0,1.000
WG_IAD217223,s500,h500,chr2,135711515,135711518,1,4,4,0,1.000
WG_IAD217223,s501,h501,chr2,219266399,219266402,1,4,4,0,1.000
WG_IAD217223,s502,h502,chr2,220415594,220415597,1,4,4,0,1.000
WG_IAD217223,s503,h503,chr2,242758201,242758204,1,4,4,0,1.000
WG_IAD217223,s504,h504,chr20,42143379,42143382,1,4,4,0,1.000
WG_IAD217223,s505,h505,chr20,48729708,48729711,1,4,4,0,1.000
WG_IAD217223,s506,h506,chr20,55072479,55072482,1,4,4,0,1.000
WG_IAD217223,s507,h507,chr20,57428421,57428424,1,4,4,0,1.000
WG_IAD217223,s508,h508,chr20,62198241,62198244,1,4,4,0,1.000
WG_IAD217223,s509,h509,chr21,44838331,44838334,1,4,4,0,1.000
WG_IAD217223,s510,h510,chr21,45978497,45978500,1,4,4,0,1.000
WG_IAD217223,s511,h511,chr21,46011581,46011584,1,4,4,0,1.000
WG_IAD217223,s512,h512,chr21,46924423,46924426,1,4,4,0,1.000
WG_IAD217223,s513,h513,chr22,19808769,19808772,1,4,4,0,1.000
WG_IAD217223,s514,h514,chr22,26937470,26937473,1,4,4,0,1.000
WG_IAD217223,s515,h515,chr22,29446609,29446612,1,4,4,0,1.000
WG_IAD217223,s516,h516,chr22,32887147,32887150,1,4,4,0,1.000
WG_IAD217223,s517,h517,chr22,33253289,33253292,1,4,4,0,1.000
WG_IAD217223,s518,h518,chr22,37962637,37962640,1,4,4,0,1.000
WG_IAD217223,s519,h519,chr22,42525754,42525757,1,4,4,0,1.000
WG_IAD217223,s520,h520,chr22,42967239,42967242,1,4,4,0,1.000
WG_IAD217223,s521,h521,chr22,45821954,45821957,1,4,4,0,1.000
WG_IAD217223,s522,h522,chr22,50617592,50617595,1,4,4,0,1.000
WG_IAD217223,s523,h523,chr22,50659023,50659026,1,4,4,0,1.000
WG_IAD217223,s524,h524,chr22,50959433,50959436,1,4,4,0,1.000
WG_IAD217223,s525,h525,chr22,51043192,51043195,1,4,4,0,1.000
WG_IAD217223,s526,h526,chr3,19961329,19961332,1,4,4,0,1.000
WG_IAD217223,s527,h527,chr3,28533656,28533659,1,4,4,0,1.000
WG_IAD217223,s528,h528,chr3,39136141,39136144,1,4,4,0,1.000
WG_IAD217223,s529,h529,chr3,42678503,42678506,1,4,4,0,1.000
WG_IAD217223,s530,h530,chr3,43074868,43074871,1,4,4,0,1.000
WG_IAD217223,s531,h531,chr3,50334065,50334068,1,4,4,0,1.000
WG_IAD217223,s532,h532,chr3,65342271,65342274,1,4,4,0,1.000
WG_IAD217223,s533,h533,chr3,111918214,111918217,1,4,4,0,1.000
WG_IAD217223,s534,h534,chr3,130287193,130287196,1,4,4,0,1.000
WG_IAD217223,s535,h535,chr3,131100856,131100859,1,4,4,0,1.000
WG_IAD217223,s536,h536,chr3,185990094,185990097,1,4,4,0,1.000
WG_IAD217223,s537,h537,chr3,195511329,195511332,1,4,4,0,1.000
WG_IAD217223,s538,h538,chr3,195512372,195512375,1,4,4,0,1.000
WG_IAD217223,s539,h539,chr4,48485847,48485850,1,4,4,0,1.000
WG_IAD217223,s540,h540,chr4,80905989,80905992,1,4,4,0,1.000
WG_IAD217223,s541,h541,chr5,78324350,78324353,1,4,4,0,1.000
WG_IAD217223,s542,h542,chr5,126769144,126769147,1,4,4,0,1.000
WG_IAD217223,s543,h543,chr5,132098240,132098243,1,4,4,0,1.000
WG_IAD217223,s544,h544,chr5,134364516,134364519,1,4,4,0,1.000
WG_IAD217223,s545,h545,chr5,137665322,137665325,1,4,4,0,1.000
WG_IAD217223,s546,h546,chr5,138730035,138730038,1,4,4,0,1.000
WG_IAD217223,s547,h547,chr5,141019557,141019560,1,4,4,0,1.000
WG_IAD217223,s548,h548,chr5,167881028,167881031,1,4,4,0,1.000
WG_IAD217223,s549,h549,chr6,2892166,2892169,1,4,4,0,1.000
WG_IAD217223,s550,h550,chr6,26157042,26157045,1,4,4,0,1.000
WG_IAD217223,s551,h551,chr6,31617062,31617065,1,4,4,0,1.000
WG_IAD217223,s552,h552,chr6,32261769,32261772,1,4,4,0,1.000
WG_IAD217223,s553,h553,chr6,35764999,35765002,1,4,4,0,1.000
WG_IAD217223,s554,h554,chr6,44269191,44269194,1,4,4,0,1.000
WG_IAD217223,s555,h555,chr6,150184879,150184882,1,4,4,0,1.000
WG_IAD217223,s556,h556,chr7,54612314,54612317,1,4,4,0,1.000
WG_IAD217223,s557,h557,chr7,99453288,99453291,1,4,4,0,1.000
WG_IAD217223,s558,h558,chr7,100175471,100175474,1,4,4,0,1.000
WG_IAD217223,s559,h559,chr7,100175475,100175478,1,4,4,0,1.000
WG_IAD217223,s560,h560,chr7,100285168,100285171,1,4,4,0,1.000
WG_IAD217223,s561,h561,chr7,129933078,129933081,1,4,4,0,1.000
WG_IAD217223,s562,h562,chr7,139138869,139138872,1,4,4,0,1.000
WG_IAD217223,s563,h563,chr7,140624408,140624411,1,4,4,0,1.000
WG_IAD217223,s564,h564,chr7,150069394,150069397,1,4,4,0,1.000
WG_IAD217223,s565,h565,chr7,150439552,150439555,1,4,4,0,1.000
WG_IAD217223,s566,h566,chr7,150554421,150554424,1,4,4,0,1.000
WG_IAD217223,s567,h567,chr7,150721482,150721485,1,4,4,0,1.000
WG_IAD217223,s568,h568,chr8,13356817,13356820,1,4,4,0,1.000
WG_IAD217223,s569,h569,chr8,18258314,18258317,1,4,4,0,1.000
WG_IAD217223,s570,h570,chr8,121259860,121259863,1,4,4,0,1.000
WG_IAD217223,s571,h571,chr8,121457308,121457311,1,4,4,0,1.000
WG_IAD217223,s572,h572,chr8,145772833,145772836,1,4,4,0,1.000
WG_IAD217223,s573,h573,chr9,214802,214805,1,4,4,0,1.000
WG_IAD217223,s574,h574,chr9,117130754,117130757,1,4,4,0,1.000
WG_IAD217223,s575,h575,chr9,133884818,133884821,1,4,4,0,1.000
WG_IAD217223,s576,h576,chr9,134183377,134183380,1,4,4,0,1.000
WG_IAD217223,s577,h577,chr9,136325202,136325205,1,4,4,0,1.000
WG_IAD217223,s578,h578,chr9,139752897,139752900,1,4,4,0,1.000
WG_IAD217223,s579,h579,chrX,53285130,53285133,1,4,4,0,1.000
WG_IAD217223,s580,h580,chrX,120008976,120008979,1,4,4,0,1.000
