Request_ID,Type,Name,Chromosome,Chr_Start,Chr_end,Num_Amplicons,Total_Bases,Covered_Bases,Missed_Bases,Overall_Coverage
WG_IAD217223,GENOME_REGION,h1,chr1,1116187,1116190,1,4,4,0,1.000
WG_IAD217223,GENOME_REGION,h2,chr1,1887090,1887093,1,4,4,0,1.000
WG_IAD217223,GENOME_REGION,h3,chr1,1887110,1887113,1,4,4,0,1.000
WG_IAD217223,GENOME_REGION,h4,chr1,1900105,1900108,1,4,4,0,1.000
WG_IAD217223,GENOME_REGION,h5,chr1,11710778,11710781,1,4,4,0,1.000
WG_IAD217223,GENOME_REGION,h6,chr1,14106393,14106396,1,4,4,0,1.000
WG_IAD217223,GENOME_REGION,h7,chr1,17084535,17084538,1,4,4,0,1.000
WG_IAD217223,GENOME_REGION,h8,chr1,17086084,17086087,1,4,4,0,1.000
WG_IAD217223,GENOME_REGION,h9,chr1,17087540,17087543,1,4,4,0,1.000
WG_IAD217223,GENOME_REGION,h10,chr1,17718670,17718673,1,4,4,0,1.000
WG_IAD217223,GENOME_REGION,h11,chr1,19810809,19810812,1,4,4,0,1.000
WG_IAD217223,GENOME_REGION,h12,chr1,31905888,31905891,1,4,4,0,1.000
WG_IAD217223,GENOME_REGION,h13,chr1,38167467,38167470,1,4,4,0,1.000
WG_IAD217223,GENOME_REGION,h14,chr1,44596378,44596381,1,4,4,0,1.000
WG_IAD217223,GENOME_REGION,h15,chr1,47904667,47904670,1,4,4,0,1.000
WG_IAD217223,GENOME_REGION,h16,chr1,48708185,48708188,1,4,4,0,1.000
WG_IAD217223,GENOME_REGION,h17,chr1,54605317,54605320,1,4,4,0,1.000
WG_IAD217223,GENOME_REGION,h18,chr1,54605318,54605321,1,4,4,0,1.000
WG_IAD217223,GENOME_REGION,h19,chr1,78024344,78024347,1,4,4,0,1.000
WG_IAD217223,GENOME_REGION,h20,chr1,79128569,79128572,1,4,4,0,1.000
WG_IAD217223,GENOME_REGION,h21,chr1,85598678,85598681,1,4,4,0,1.000
WG_IAD217223,GENOME_REGION,h22,chr1,152681679,152681682,1,4,4,0,1.000
WG_IAD217223,GENOME_REGION,h23,chr1,153233487,153233490,1,4,4,0,1.000
WG_IAD217223,GENOME_REGION,h24,chr1,156354346,156354349,1,4,4,0,1.000
WG_IAD217223,GENOME_REGION,h25,chr1,156553230,156553233,1,4,4,0,1.000
WG_IAD217223,GENOME_REGION,h26,chr1,203186949,203186952,1,4,4,0,1.000
WG_IAD217223,GENOME_REGION,h27,chr1,208063099,208063102,1,4,4,0,1.000
WG_IAD217223,GENOME_REGION,h28,chr1,226924874,226924877,1,4,4,0,1.000
WG_IAD217223,GENOME_REGION,h29,chr1,247978540,247978543,1,4,4,0,1.000
WG_IAD217223,GENOME_REGION,h30,chr1,248525637,248525640,1,4,4,0,1.000
WG_IAD217223,GENOME_REGION,h31,chr10,7605076,7605079,1,4,4,0,1.000
WG_IAD217223,GENOME_REGION,h32,chr10,46999590,46999593,1,4,4,0,1.000
WG_IAD217223,GENOME_REGION,h33,chr10,64967949,64967952,1,4,4,0,1.000
WG_IAD217223,GENOME_REGION,h34,chr10,91497901,91497904,1,4,4,0,1.000
WG_IAD217223,GENOME_REGION,h35,chr10,97920098,97920101,1,4,4,0,1.000
WG_IAD217223,GENOME_REGION,h36,chr10,99126520,99126523,1,4,4,0,1.000
WG_IAD217223,GENOME_REGION,h37,chr10,116931100,116931103,1,4,4,0,1.000
WG_IAD217223,GENOME_REGION,h38,chr10,118383462,118383465,1,4,4,0,1.000
WG_IAD217223,GENOME_REGION,h39,chr10,125780751,125780754,1,4,4,0,1.000
WG_IAD217223,GENOME_REGION,h40,chr10,129536991,129536994,1,4,4,0,1.000
WG_IAD217223,GENOME_REGION,h41,chr11,3661584,3661587,1,4,4,0,1.000
WG_IAD217223,GENOME_REGION,h42,chr11,4389403,4389406,1,4,4,0,1.000
WG_IAD217223,GENOME_REGION,h43,chr11,6567894,6567897,1,4,4,0,1.000
WG_IAD217223,GENOME_REGION,h44,chr11,14101492,14101495,1,4,4,0,1.000
WG_IAD217223,GENOME_REGION,h45,chr11,46724715,46724718,1,4,4,0,1.000
WG_IAD217223,GENOME_REGION,h46,chr11,47788662,47788665,1,4,4,0,1.000
WG_IAD217223,GENOME_REGION,h47,chr11,48285980,48285983,1,4,4,0,1.000
WG_IAD217223,GENOME_REGION,h48,chr11,57799107,57799110,1,4,4,0,1.000
WG_IAD217223,GENOME_REGION,h49,chr11,60165351,60165354,1,4,4,0,1.000
WG_IAD217223,GENOME_REGION,h50,chr11,61114008,61114011,1,4,4,0,1.000
WG_IAD217223,GENOME_REGION,h51,chr11,65487789,65487792,1,4,4,0,1.000
WG_IAD217223,GENOME_REGION,h52,chr11,67765162,67765165,1,4,4,0,1.000
WG_IAD217223,GENOME_REGION,h53,chr11,67786063,67786066,1,4,4,0,1.000
WG_IAD217223,GENOME_REGION,h54,chr11,67789292,67789295,1,4,4,0,1.000
WG_IAD217223,GENOME_REGION,h55,chr11,73020374,73020377,1,4,4,0,1.000
WG_IAD217223,GENOME_REGION,h56,chr11,76751540,76751543,1,4,4,0,1.000
WG_IAD217223,GENOME_REGION,h57,chr11,76751602,76751605,1,4,4,0,1.000
WG_IAD217223,GENOME_REGION,h58,chr11,76895769,76895772,1,4,4,0,1.000
WG_IAD217223,GENOME_REGION,h59,chr11,94699506,94699509,1,4,4,0,1.000
WG_IAD217223,GENOME_REGION,h60,chr11,102738792,102738795,1,4,4,0,1.000
WG_IAD217223,GENOME_REGION,h61,chr11,111742144,111742147,1,4,4,0,1.000
WG_IAD217223,GENOME_REGION,h62,chr11,111853105,111853108,1,4,4,0,1.000
WG_IAD217223,GENOME_REGION,h63,chr11,112832338,112832341,1,4,4,0,1.000
WG_IAD217223,GENOME_REGION,h64,chr11,118406327,118406330,1,4,4,0,1.000
WG_IAD217223,GENOME_REGION,h65,chr11,118529043,118529046,1,4,4,0,1.000
WG_IAD217223,GENOME_REGION,h66,chr11,118898434,118898437,1,4,4,0,1.000
WG_IAD217223,GENOME_REGION,h67,chr11,118939938,118939941,1,4,4,0,1.000
WG_IAD217223,GENOME_REGION,h68,chr11,125452299,125452302,1,4,4,0,1.000
WG_IAD217223,GENOME_REGION,h69,chr12,974354,974357,1,4,4,0,1.000
WG_IAD217223,GENOME_REGION,h70,chr12,7080209,7080212,1,4,4,0,1.000
WG_IAD217223,GENOME_REGION,h71,chr12,8374780,8374783,1,4,4,0,1.000
WG_IAD217223,GENOME_REGION,h72,chr12,9098994,9098997,1,4,4,0,1.000
WG_IAD217223,GENOME_REGION,h73,chr12,14720553,14720556,1,4,4,0,1.000
WG_IAD217223,GENOME_REGION,h74,chr12,14976416,14976419,1,4,4,0,1.000
WG_IAD217223,GENOME_REGION,h75,chr12,18435397,18435400,1,4,4,0,1.000
WG_IAD217223,GENOME_REGION,h76,chr12,51740406,51740409,1,4,4,0,1.000
WG_IAD217223,GENOME_REGION,h77,chr12,51740414,51740417,1,4,4,0,1.000
WG_IAD217223,GENOME_REGION,h78,chr12,51740415,51740418,1,4,4,0,1.000
WG_IAD217223,GENOME_REGION,h79,chr12,53207582,53207585,1,4,4,0,1.000
WG_IAD217223,GENOME_REGION,h80,chr12,55714405,55714408,1,4,4,0,1.000
WG_IAD217223,GENOME_REGION,h81,chr12,64712545,64712548,1,4,4,0,1.000
WG_IAD217223,GENOME_REGION,h82,chr12,85638644,85638647,1,4,4,0,1.000
WG_IAD217223,GENOME_REGION,h83,chr12,91347769,91347772,1,4,4,0,1.000
WG_IAD217223,GENOME_REGION,h84,chr12,109017649,109017652,1,4,4,0,1.000
WG_IAD217223,GENOME_REGION,h85,chr12,113796460,113796463,1,4,4,0,1.000
WG_IAD217223,GENOME_REGION,h86,chr12,122359396,122359399,1,4,4,0,1.000
WG_IAD217223,GENOME_REGION,h87,chr12,122614208,122614211,1,4,4,0,1.000
WG_IAD217223,GENOME_REGION,h88,chr12,124824720,124824723,1,4,4,0,1.000
WG_IAD217223,GENOME_REGION,h89,chr13,25671096,25671099,1,4,4,0,1.000
WG_IAD217223,GENOME_REGION,h90,chr13,25671148,25671151,1,4,4,0,1.000
WG_IAD217223,GENOME_REGION,h91,chr13,25671153,25671156,1,4,4,0,1.000
WG_IAD217223,GENOME_REGION,h92,chr13,25671309,25671312,1,4,4,0,1.000
WG_IAD217223,GENOME_REGION,h93,chr13,97639878,97639881,1,4,4,0,1.000
WG_IAD217223,GENOME_REGION,h94,chr13,112723110,112723113,1,4,4,0,1.000
WG_IAD217223,GENOME_REGION,h95,chr14,20666174,20666177,1,4,4,0,1.000
WG_IAD217223,GENOME_REGION,h96,chr14,24646405,24646408,1,4,4,0,1.000
WG_IAD217223,GENOME_REGION,h97,chr14,24683265,24683268,1,4,4,0,1.000
WG_IAD217223,GENOME_REGION,h98,chr14,30396621,30396624,1,4,4,0,1.000
WG_IAD217223,GENOME_REGION,h99,chr14,53619479,53619482,1,4,4,0,1.000
WG_IAD217223,GENOME_REGION,h100,chr14,63784406,63784409,1,4,4,0,1.000
WG_IAD217223,GENOME_REGION,h101,chr14,91360732,91360735,1,4,4,0,1.000
WG_IAD217223,GENOME_REGION,h102,chr14,95903306,95903309,1,4,4,0,1.000
WG_IAD217223,GENOME_REGION,h103,chr14,105055117,105055120,1,4,4,0,1.000
WG_IAD217223,GENOME_REGION,h104,chr14,105996048,105996051,1,4,4,0,1.000
WG_IAD217223,GENOME_REGION,h105,chr15,30665279,30665282,0,4,0,4,0.000
WG_IAD217223,GENOME_REGION,h106,chr15,44119312,44119315,1,4,4,0,1.000
WG_IAD217223,GENOME_REGION,h107,chr15,71276479,71276482,1,4,4,0,1.000
WG_IAD217223,GENOME_REGION,h108,chr15,85438310,85438313,1,4,4,0,1.000
WG_IAD217223,GENOME_REGION,h109,chr15,93198677,93198680,1,4,4,0,1.000
WG_IAD217223,GENOME_REGION,h110,chr15,99511803,99511806,1,4,4,0,1.000
WG_IAD217223,GENOME_REGION,h111,chr15,102029684,102029687,1,4,4,0,1.000
WG_IAD217223,GENOME_REGION,h112,chr16,129265,129268,1,4,4,0,1.000
WG_IAD217223,GENOME_REGION,h113,chr16,138771,138774,1,4,4,0,1.000
WG_IAD217223,GENOME_REGION,h114,chr16,855516,855519,1,4,4,0,1.000
WG_IAD217223,GENOME_REGION,h115,chr16,863354,863357,1,4,4,0,1.000
WG_IAD217223,GENOME_REGION,h116,chr16,2059620,2059623,1,4,4,0,1.000
WG_IAD217223,GENOME_REGION,h117,chr16,3119296,3119299,1,4,4,0,1.000
WG_IAD217223,GENOME_REGION,h118,chr16,3602226,3602229,1,4,4,0,1.000
WG_IAD217223,GENOME_REGION,h119,chr16,5122071,5122074,1,4,4,0,1.000
WG_IAD217223,GENOME_REGION,h120,chr16,10524655,10524658,1,4,4,0,1.000
WG_IAD217223,GENOME_REGION,h121,chr16,22019645,22019648,1,4,4,0,1.000
WG_IAD217223,GENOME_REGION,h122,chr16,24564878,24564881,1,4,4,0,1.000
WG_IAD217223,GENOME_REGION,h123,chr16,29912801,29912804,1,4,4,0,1.000
WG_IAD217223,GENOME_REGION,h124,chr16,56504530,56504533,1,4,4,0,1.000
WG_IAD217223,GENOME_REGION,h125,chr16,58577314,58577317,1,4,4,0,1.000
WG_IAD217223,GENOME_REGION,h126,chr16,71956510,71956513,1,4,4,0,1.000
WG_IAD217223,GENOME_REGION,h127,chr16,71981413,71981416,1,4,4,0,1.000
WG_IAD217223,GENOME_REGION,h128,chr16,74425620,74425623,1,4,4,0,1.000
WG_IAD217223,GENOME_REGION,h129,chr16,76311601,76311604,1,4,4,0,1.000
WG_IAD217223,GENOME_REGION,h130,chr16,81161472,81161475,1,4,4,0,1.000
WG_IAD217223,GENOME_REGION,h131,chr16,81242147,81242150,1,4,4,0,1.000
WG_IAD217223,GENOME_REGION,h132,chr16,88599694,88599697,1,4,4,0,1.000
WG_IAD217223,GENOME_REGION,h133,chr16,88599699,88599702,1,4,4,0,1.000
WG_IAD217223,GENOME_REGION,h134,chr16,88599701,88599704,1,4,4,0,1.000
WG_IAD217223,GENOME_REGION,h135,chr16,88780633,88780636,1,4,4,0,1.000
WG_IAD217223,GENOME_REGION,h136,chr16,89291209,89291212,1,4,4,0,1.000
WG_IAD217223,GENOME_REGION,h137,chr17,3594275,3594278,1,4,4,0,1.000
WG_IAD217223,GENOME_REGION,h138,chr17,4575321,4575324,1,4,4,0,1.000
WG_IAD217223,GENOME_REGION,h139,chr17,6555545,6555548,1,4,4,0,1.000
WG_IAD217223,GENOME_REGION,h140,chr17,7123239,7123242,1,4,4,0,1.000
WG_IAD217223,GENOME_REGION,h141,chr17,7165394,7165397,1,4,4,0,1.000
WG_IAD217223,GENOME_REGION,h142,chr17,7470284,7470287,1,4,4,0,1.000
WG_IAD217223,GENOME_REGION,h143,chr17,8725213,8725216,1,4,4,0,1.000
WG_IAD217223,GENOME_REGION,h144,chr17,15498210,15498213,1,4,4,0,1.000
WG_IAD217223,GENOME_REGION,h145,chr17,16256685,16256688,1,4,4,0,1.000
WG_IAD217223,GENOME_REGION,h146,chr17,17039560,17039563,1,4,4,0,1.000
WG_IAD217223,GENOME_REGION,h147,chr17,26684389,26684392,1,4,4,0,1.000
WG_IAD217223,GENOME_REGION,h148,chr17,26692223,26692226,1,4,4,0,1.000
WG_IAD217223,GENOME_REGION,h149,chr17,26699194,26699197,1,4,4,0,1.000
WG_IAD217223,GENOME_REGION,h150,chr17,26699198,26699201,1,4,4,0,1.000
WG_IAD217223,GENOME_REGION,h151,chr17,26699204,26699207,1,4,4,0,1.000
WG_IAD217223,GENOME_REGION,h152,chr17,26708297,26708300,1,4,4,0,1.000
WG_IAD217223,GENOME_REGION,h153,chr17,26708301,26708304,1,4,4,0,1.000
WG_IAD217223,GENOME_REGION,h154,chr17,26727720,26727723,1,4,4,0,1.000
WG_IAD217223,GENOME_REGION,h155,chr17,26817796,26817799,1,4,4,0,1.000
WG_IAD217223,GENOME_REGION,h156,chr17,34100349,34100352,1,4,4,0,1.000
WG_IAD217223,GENOME_REGION,h157,chr17,39471751,39471754,1,4,4,0,1.000
WG_IAD217223,GENOME_REGION,h158,chr17,43192548,43192551,1,4,4,0,1.000
WG_IAD217223,GENOME_REGION,h159,chr17,43364292,43364295,1,4,4,0,1.000
WG_IAD217223,GENOME_REGION,h160,chr17,46115071,46115074,1,4,4,0,1.000
WG_IAD217223,GENOME_REGION,h161,chr17,46115083,46115086,1,4,4,0,1.000
WG_IAD217223,GENOME_REGION,h162,chr17,48227383,48227386,1,4,4,0,1.000
WG_IAD217223,GENOME_REGION,h163,chr17,48227402,48227405,1,4,4,0,1.000
WG_IAD217223,GENOME_REGION,h164,chr17,56598212,56598215,1,4,4,0,1.000
WG_IAD217223,GENOME_REGION,h165,chr17,56833456,56833459,1,4,4,0,1.000
WG_IAD217223,GENOME_REGION,h166,chr17,61660888,61660891,1,4,4,0,1.000
WG_IAD217223,GENOME_REGION,h167,chr17,61781330,61781333,1,4,4,0,1.000
WG_IAD217223,GENOME_REGION,h168,chr17,74288563,74288566,1,4,4,0,1.000
WG_IAD217223,GENOME_REGION,h169,chr17,79219499,79219502,1,4,4,0,1.000
WG_IAD217223,GENOME_REGION,h170,chr18,42456669,42456672,1,4,4,0,1.000
WG_IAD217223,GENOME_REGION,h171,chr18,43833700,43833703,1,4,4,0,1.000
WG_IAD217223,GENOME_REGION,h172,chr18,47405424,47405427,1,4,4,0,1.000
WG_IAD217223,GENOME_REGION,h173,chr18,67863849,67863852,1,4,4,0,1.000
WG_IAD217223,GENOME_REGION,h174,chr18,74090956,74090959,1,4,4,0,1.000
WG_IAD217223,GENOME_REGION,h175,chr18,77160366,77160369,1,4,4,0,1.000
WG_IAD217223,GENOME_REGION,h176,chr19,633545,633548,1,4,4,0,1.000
WG_IAD217223,GENOME_REGION,h177,chr19,1009184,1009187,1,4,4,0,1.000
WG_IAD217223,GENOME_REGION,h178,chr19,1535192,1535195,1,4,4,0,1.000
WG_IAD217223,GENOME_REGION,h179,chr19,1808225,1808228,1,4,4,0,1.000
WG_IAD217223,GENOME_REGION,h180,chr19,1979857,1979860,1,4,4,0,1.000
WG_IAD217223,GENOME_REGION,h181,chr19,2340153,2340156,1,4,4,0,1.000
WG_IAD217223,GENOME_REGION,h182,chr19,4199808,4199811,1,4,4,0,1.000
WG_IAD217223,GENOME_REGION,h183,chr19,7938305,7938308,1,4,4,0,1.000
WG_IAD217223,GENOME_REGION,h184,chr19,11097198,11097201,1,4,4,0,1.000
WG_IAD217223,GENOME_REGION,h185,chr19,11459664,11459667,1,4,4,0,1.000
WG_IAD217223,GENOME_REGION,h186,chr19,14070705,14070708,1,4,4,0,1.000
WG_IAD217223,GENOME_REGION,h187,chr19,15052982,15052985,1,4,4,0,1.000
WG_IAD217223,GENOME_REGION,h188,chr19,18717388,18717391,1,4,4,0,1.000
WG_IAD217223,GENOME_REGION,h189,chr19,41928866,41928869,1,4,4,0,1.000
WG_IAD217223,GENOME_REGION,h190,chr19,42083738,42083741,1,4,4,0,1.000
WG_IAD217223,GENOME_REGION,h191,chr19,43865318,43865321,0,4,0,4,0.000
WG_IAD217223,GENOME_REGION,h192,chr19,43865323,43865326,0,4,0,4,0.000
WG_IAD217223,GENOME_REGION,h193,chr19,44589998,44590001,1,4,4,0,1.000
WG_IAD217223,GENOME_REGION,h194,chr19,45016989,45016992,1,4,4,0,1.000
WG_IAD217223,GENOME_REGION,h195,chr19,46815702,46815705,1,4,4,0,1.000
WG_IAD217223,GENOME_REGION,h196,chr19,49442848,49442851,1,4,4,0,1.000
WG_IAD217223,GENOME_REGION,h197,chr19,49573361,49573364,1,4,4,0,1.000
WG_IAD217223,GENOME_REGION,h198,chr19,51835891,51835894,1,4,4,0,1.000
WG_IAD217223,GENOME_REGION,h199,chr19,52803668,52803671,1,4,4,0,1.000
WG_IAD217223,GENOME_REGION,h200,chr19,53454474,53454477,1,4,4,0,1.000
WG_IAD217223,GENOME_REGION,h201,chr19,53952884,53952887,1,4,4,0,1.000
WG_IAD217223,GENOME_REGION,h202,chr19,54726700,54726703,1,4,4,0,1.000
WG_IAD217223,GENOME_REGION,h203,chr19,54973987,54973990,1,4,4,0,1.000
WG_IAD217223,GENOME_REGION,h204,chr19,55350962,55350965,1,4,4,0,1.000
WG_IAD217223,GENOME_REGION,h205,chr19,55869878,55869881,1,4,4,0,1.000
WG_IAD217223,GENOME_REGION,h206,chr19,56052336,56052339,1,4,4,0,1.000
WG_IAD217223,GENOME_REGION,h207,chr19,56599436,56599439,1,4,4,0,1.000
WG_IAD217223,GENOME_REGION,h208,chr19,57742492,57742495,1,4,4,0,1.000
WG_IAD217223,GENOME_REGION,h209,chr19,57742530,57742533,1,4,4,0,1.000
WG_IAD217223,GENOME_REGION,h210,chr19,57988665,57988668,1,4,4,0,1.000
WG_IAD217223,GENOME_REGION,h211,chr19,58718359,58718362,1,4,4,0,1.000
WG_IAD217223,GENOME_REGION,h212,chr2,3749150,3749153,1,4,4,0,1.000
WG_IAD217223,GENOME_REGION,h213,chr2,17962992,17962995,1,4,4,0,1.000
WG_IAD217223,GENOME_REGION,h214,chr2,24387177,24387180,1,4,4,0,1.000
WG_IAD217223,GENOME_REGION,h215,chr2,31805879,31805882,1,4,4,0,1.000
WG_IAD217223,GENOME_REGION,h216,chr2,73675226,73675229,1,4,4,0,1.000
WG_IAD217223,GENOME_REGION,h217,chr2,74329186,74329189,1,4,4,0,1.000
WG_IAD217223,GENOME_REGION,h218,chr2,131129927,131129930,1,4,4,0,1.000
WG_IAD217223,GENOME_REGION,h219,chr2,176988289,176988292,1,4,4,0,1.000
WG_IAD217223,GENOME_REGION,h220,chr2,178494172,178494175,1,4,4,0,1.000
WG_IAD217223,GENOME_REGION,h221,chr2,211421451,211421454,1,4,4,0,1.000
WG_IAD217223,GENOME_REGION,h222,chr2,220361589,220361592,1,4,4,0,1.000
WG_IAD217223,GENOME_REGION,h223,chr2,223066016,223066019,1,4,4,0,1.000
WG_IAD217223,GENOME_REGION,h224,chr2,231861031,231861034,1,4,4,0,1.000
WG_IAD217223,GENOME_REGION,h225,chr2,232225534,232225537,1,4,4,0,1.000
WG_IAD217223,GENOME_REGION,h226,chr2,232458084,232458087,1,4,4,0,1.000
WG_IAD217223,GENOME_REGION,h227,chr20,238434,238437,1,4,4,0,1.000
WG_IAD217223,GENOME_REGION,h228,chr20,21186160,21186163,1,4,4,0,1.000
WG_IAD217223,GENOME_REGION,h229,chr20,25434091,25434094,1,4,4,0,1.000
WG_IAD217223,GENOME_REGION,h230,chr20,25457048,25457051,1,4,4,0,1.000
WG_IAD217223,GENOME_REGION,h231,chr20,35807789,35807792,1,4,4,0,1.000
WG_IAD217223,GENOME_REGION,h232,chr21,11098684,11098687,1,4,4,0,1.000
WG_IAD217223,GENOME_REGION,h233,chr21,31913980,31913983,1,4,4,0,1.000
WG_IAD217223,GENOME_REGION,h234,chr21,32201968,32201971,1,4,4,0,1.000
WG_IAD217223,GENOME_REGION,h235,chr21,34635052,34635055,1,4,4,0,1.000
WG_IAD217223,GENOME_REGION,h236,chr21,34948683,34948686,1,4,4,0,1.000
WG_IAD217223,GENOME_REGION,h237,chr21,34948695,34948698,1,4,4,0,1.000
WG_IAD217223,GENOME_REGION,h238,chr21,40883670,40883673,1,4,4,0,1.000
WG_IAD217223,GENOME_REGION,h239,chr21,45959555,45959558,1,4,4,0,1.000
WG_IAD217223,GENOME_REGION,h240,chr21,45959556,45959559,1,4,4,0,1.000
WG_IAD217223,GENOME_REGION,h241,chr21,45970758,45970761,1,4,4,0,1.000
WG_IAD217223,GENOME_REGION,h242,chr21,46685559,46685562,1,4,4,0,1.000
WG_IAD217223,GENOME_REGION,h243,chr21,46924424,46924427,1,4,4,0,1.000
WG_IAD217223,GENOME_REGION,h244,chr21,47721984,47721987,1,4,4,0,1.000
WG_IAD217223,GENOME_REGION,h245,chr22,19189002,19189005,1,4,4,0,1.000
WG_IAD217223,GENOME_REGION,h246,chr22,29707638,29707641,1,4,4,0,1.000
WG_IAD217223,GENOME_REGION,h247,chr22,36587844,36587847,1,4,4,0,1.000
WG_IAD217223,GENOME_REGION,h248,chr22,37964407,37964410,1,4,4,0,1.000
WG_IAD217223,GENOME_REGION,h249,chr22,38119753,38119756,1,4,4,0,1.000
WG_IAD217223,GENOME_REGION,h250,chr22,38120174,38120177,1,4,4,0,1.000
WG_IAD217223,GENOME_REGION,h251,chr22,39496321,39496324,1,4,4,0,1.000
WG_IAD217223,GENOME_REGION,h252,chr22,45810277,45810280,1,4,4,0,1.000
WG_IAD217223,GENOME_REGION,h253,chr22,51042512,51042515,1,4,4,0,1.000
WG_IAD217223,GENOME_REGION,h254,chr3,14561626,14561629,1,4,4,0,1.000
WG_IAD217223,GENOME_REGION,h255,chr3,46501283,46501286,1,4,4,0,1.000
WG_IAD217223,GENOME_REGION,h256,chr3,49395672,49395675,1,4,4,0,1.000
WG_IAD217223,GENOME_REGION,h257,chr3,50306751,50306754,1,4,4,0,1.000
WG_IAD217223,GENOME_REGION,h258,chr3,53324818,53324821,1,4,4,0,1.000
WG_IAD217223,GENOME_REGION,h259,chr3,56650050,56650053,1,4,4,0,1.000
WG_IAD217223,GENOME_REGION,h260,chr3,56650053,56650056,1,4,4,0,1.000
WG_IAD217223,GENOME_REGION,h261,chr3,100170599,100170602,1,4,4,0,1.000
WG_IAD217223,GENOME_REGION,h262,chr3,121351314,121351317,1,4,4,0,1.000
WG_IAD217223,GENOME_REGION,h263,chr3,122459289,122459292,1,4,4,0,1.000
WG_IAD217223,GENOME_REGION,h264,chr3,124646704,124646707,1,4,4,0,1.000
WG_IAD217223,GENOME_REGION,h265,chr3,125725267,125725270,1,4,4,0,1.000
WG_IAD217223,GENOME_REGION,h266,chr3,130190719,130190722,1,4,4,0,1.000
WG_IAD217223,GENOME_REGION,h267,chr3,149238594,149238597,1,4,4,0,1.000
WG_IAD217223,GENOME_REGION,h268,chr3,167747640,167747643,1,4,4,0,1.000
WG_IAD217223,GENOME_REGION,h269,chr3,189507517,189507520,1,4,4,0,1.000
WG_IAD217223,GENOME_REGION,h270,chr3,190106070,190106073,1,4,4,0,1.000
WG_IAD217223,GENOME_REGION,h271,chr4,85994,85997,1,4,4,0,1.000
WG_IAD217223,GENOME_REGION,h272,chr4,86015,86018,1,4,4,0,1.000
WG_IAD217223,GENOME_REGION,h273,chr4,86030,86033,1,4,4,0,1.000
WG_IAD217223,GENOME_REGION,h274,chr4,86033,86036,1,4,4,0,1.000
WG_IAD217223,GENOME_REGION,h275,chr4,87312,87315,1,4,4,0,1.000
WG_IAD217223,GENOME_REGION,h276,chr4,1087326,1087329,1,4,4,0,1.000
WG_IAD217223,GENOME_REGION,h277,chr4,3446412,3446415,1,4,4,0,1.000
WG_IAD217223,GENOME_REGION,h278,chr4,56502272,56502275,1,4,4,0,1.000
WG_IAD217223,GENOME_REGION,h279,chr4,71468344,71468347,1,4,4,0,1.000
WG_IAD217223,GENOME_REGION,h280,chr4,77065317,77065320,1,4,4,0,1.000
WG_IAD217223,GENOME_REGION,h281,chr4,101401160,101401163,1,4,4,0,1.000
WG_IAD217223,GENOME_REGION,h282,chr4,119947960,119947963,1,4,4,0,1.000
WG_IAD217223,GENOME_REGION,h283,chr4,152201017,152201020,1,4,4,0,1.000
WG_IAD217223,GENOME_REGION,h284,chr4,177605080,177605083,1,4,4,0,1.000
WG_IAD217223,GENOME_REGION,h285,chr5,36608726,36608729,1,4,4,0,1.000
WG_IAD217223,GENOME_REGION,h286,chr5,65892766,65892769,1,4,4,0,1.000
WG_IAD217223,GENOME_REGION,h287,chr5,74491714,74491717,1,4,4,0,1.000
WG_IAD217223,GENOME_REGION,h288,chr5,77745852,77745855,1,4,4,0,1.000
WG_IAD217223,GENOME_REGION,h289,chr5,79950723,79950726,1,4,4,0,1.000
WG_IAD217223,GENOME_REGION,h290,chr5,109190934,109190937,1,4,4,0,1.000
WG_IAD217223,GENOME_REGION,h291,chr5,113698630,113698633,1,4,4,0,1.000
WG_IAD217223,GENOME_REGION,h292,chr5,135276200,135276203,1,4,4,0,1.000
WG_IAD217223,GENOME_REGION,h293,chr5,135513084,135513087,1,4,4,0,1.000
WG_IAD217223,GENOME_REGION,h294,chr5,139931627,139931630,1,4,4,0,1.000
WG_IAD217223,GENOME_REGION,h295,chr5,139931628,139931631,1,4,4,0,1.000
WG_IAD217223,GENOME_REGION,h296,chr5,140558312,140558315,1,4,4,0,1.000
WG_IAD217223,GENOME_REGION,h297,chr5,140558314,140558317,1,4,4,0,1.000
WG_IAD217223,GENOME_REGION,h298,chr5,140568033,140568036,1,4,4,0,1.000
WG_IAD217223,GENOME_REGION,h299,chr5,140574168,140574171,1,4,4,0,1.000
WG_IAD217223,GENOME_REGION,h300,chr5,141324954,141324957,1,4,4,0,1.000
WG_IAD217223,GENOME_REGION,h301,chr5,147856256,147856259,1,4,4,0,1.000
WG_IAD217223,GENOME_REGION,h302,chr5,148207666,148207669,1,4,4,0,1.000
WG_IAD217223,GENOME_REGION,h303,chr5,156479556,156479559,1,4,4,0,1.000
WG_IAD217223,GENOME_REGION,h304,chr5,156721862,156721865,1,4,4,0,1.000
WG_IAD217223,GENOME_REGION,h305,chr5,175811093,175811096,1,4,4,0,1.000
WG_IAD217223,GENOME_REGION,h306,chr6,1391084,1391087,1,4,4,0,1.000
WG_IAD217223,GENOME_REGION,h307,chr6,31324600,31324603,1,4,4,0,1.000
WG_IAD217223,GENOME_REGION,h308,chr6,31324602,31324605,1,4,4,0,1.000
WG_IAD217223,GENOME_REGION,h309,chr6,31380159,31380162,1,4,4,0,1.000
WG_IAD217223,GENOME_REGION,h310,chr6,32634298,32634301,1,4,4,0,1.000
WG_IAD217223,GENOME_REGION,h311,chr6,32634299,32634302,1,4,4,0,1.000
WG_IAD217223,GENOME_REGION,h312,chr6,41754572,41754575,1,4,4,0,1.000
WG_IAD217223,GENOME_REGION,h313,chr6,116600464,116600467,1,4,4,0,1.000
WG_IAD217223,GENOME_REGION,h314,chr6,136359279,136359282,1,4,4,0,1.000
WG_IAD217223,GENOME_REGION,h315,chr6,136847115,136847118,1,4,4,0,1.000
WG_IAD217223,GENOME_REGION,h316,chr6,138539182,138539185,1,4,4,0,1.000
WG_IAD217223,GENOME_REGION,h317,chr6,160211644,160211647,1,4,4,0,1.000
WG_IAD217223,GENOME_REGION,h318,chr6,160560896,160560899,1,4,4,0,1.000
WG_IAD217223,GENOME_REGION,h319,chr6,167453518,167453521,1,4,4,0,1.000
WG_IAD217223,GENOME_REGION,h320,chr7,1586652,1586655,1,4,4,0,1.000
WG_IAD217223,GENOME_REGION,h321,chr7,25266568,25266571,1,4,4,0,1.000
WG_IAD217223,GENOME_REGION,h322,chr7,28997595,28997598,1,4,4,0,1.000
WG_IAD217223,GENOME_REGION,h323,chr7,36552728,36552731,1,4,4,0,1.000
WG_IAD217223,GENOME_REGION,h324,chr7,36552789,36552792,1,4,4,0,1.000
WG_IAD217223,GENOME_REGION,h325,chr7,51098566,51098569,1,4,4,0,1.000
WG_IAD217223,GENOME_REGION,h326,chr7,64169016,64169019,1,4,4,0,1.000
WG_IAD217223,GENOME_REGION,h327,chr7,64169018,64169021,1,4,4,0,1.000
WG_IAD217223,GENOME_REGION,h328,chr7,75914933,75914936,1,4,4,0,1.000
WG_IAD217223,GENOME_REGION,h329,chr7,76240784,76240787,1,4,4,0,1.000
WG_IAD217223,GENOME_REGION,h330,chr7,82581487,82581490,1,4,4,0,1.000
WG_IAD217223,GENOME_REGION,h331,chr7,82784830,82784833,1,4,4,0,1.000
WG_IAD217223,GENOME_REGION,h332,chr7,82784832,82784835,1,4,4,0,1.000
WG_IAD217223,GENOME_REGION,h333,chr7,90894458,90894461,1,4,4,0,1.000
WG_IAD217223,GENOME_REGION,h334,chr7,100283065,100283068,1,4,4,0,1.000
WG_IAD217223,GENOME_REGION,h335,chr7,100371475,100371478,1,4,4,0,1.000
WG_IAD217223,GENOME_REGION,h336,chr7,102574998,102575001,1,4,4,0,1.000
WG_IAD217223,GENOME_REGION,h337,chr7,128533513,128533516,1,4,4,0,1.000
WG_IAD217223,GENOME_REGION,h338,chr7,128550679,128550682,1,4,4,0,1.000
WG_IAD217223,GENOME_REGION,h339,chr7,149426304,149426307,1,4,4,0,1.000
WG_IAD217223,GENOME_REGION,h340,chr7,149476665,149476668,1,4,4,0,1.000
WG_IAD217223,GENOME_REGION,h341,chr7,149503915,149503918,1,4,4,0,1.000
WG_IAD217223,GENOME_REGION,h342,chr7,149506210,149506213,1,4,4,0,1.000
WG_IAD217223,GENOME_REGION,h343,chr7,149515187,149515190,1,4,4,0,1.000
WG_IAD217223,GENOME_REGION,h344,chr7,149518531,149518534,1,4,4,0,1.000
WG_IAD217223,GENOME_REGION,h345,chr7,150713901,150713904,1,4,4,0,1.000
WG_IAD217223,GENOME_REGION,h346,chr7,150783918,150783921,1,4,4,0,1.000
WG_IAD217223,GENOME_REGION,h347,chr7,150783921,150783924,1,4,4,0,1.000
WG_IAD217223,GENOME_REGION,h348,chr8,494657,494660,1,4,4,0,1.000
WG_IAD217223,GENOME_REGION,h349,chr8,6673376,6673379,1,4,4,0,1.000
WG_IAD217223,GENOME_REGION,h350,chr8,8234867,8234870,1,4,4,0,1.000
WG_IAD217223,GENOME_REGION,h351,chr8,8887541,8887544,1,4,4,0,1.000
WG_IAD217223,GENOME_REGION,h352,chr8,10465543,10465546,1,4,4,0,1.000
WG_IAD217223,GENOME_REGION,h353,chr8,21966699,21966702,1,4,4,0,1.000
WG_IAD217223,GENOME_REGION,h354,chr8,21966706,21966709,1,4,4,0,1.000
WG_IAD217223,GENOME_REGION,h355,chr8,22262227,22262230,1,4,4,0,1.000
WG_IAD217223,GENOME_REGION,h356,chr8,24811063,24811066,1,4,4,0,1.000
WG_IAD217223,GENOME_REGION,h357,chr8,30620839,30620842,1,4,4,0,1.000
WG_IAD217223,GENOME_REGION,h358,chr8,38827184,38827187,1,4,4,0,1.000
WG_IAD217223,GENOME_REGION,h359,chr8,48805815,48805818,1,4,4,0,1.000
WG_IAD217223,GENOME_REGION,h360,chr8,86126826,86126829,1,4,4,0,1.000
WG_IAD217223,GENOME_REGION,h361,chr8,103573009,103573012,1,4,4,0,1.000
WG_IAD217223,GENOME_REGION,h362,chr8,116635871,116635874,1,4,4,0,1.000
WG_IAD217223,GENOME_REGION,h363,chr8,143746086,143746089,1,4,4,0,1.000
WG_IAD217223,GENOME_REGION,h364,chr8,144649540,144649543,1,4,4,0,1.000
WG_IAD217223,GENOME_REGION,h365,chr8,145106937,145106940,1,4,4,0,1.000
WG_IAD217223,GENOME_REGION,h366,chr8,145581124,145581127,1,4,4,0,1.000
WG_IAD217223,GENOME_REGION,h367,chr8,145617533,145617536,1,4,4,0,1.000
WG_IAD217223,GENOME_REGION,h368,chr8,145738766,145738769,1,4,4,0,1.000
WG_IAD217223,GENOME_REGION,h369,chr9,12775860,12775863,1,4,4,0,1.000
WG_IAD217223,GENOME_REGION,h370,chr9,38571975,38571978,1,4,4,0,1.000
WG_IAD217223,GENOME_REGION,h371,chr9,79318374,79318377,1,4,4,0,1.000
WG_IAD217223,GENOME_REGION,h372,chr9,79324134,79324137,1,4,4,0,1.000
WG_IAD217223,GENOME_REGION,h373,chr9,85862791,85862794,1,4,4,0,1.000
WG_IAD217223,GENOME_REGION,h374,chr9,88937850,88937853,1,4,4,0,1.000
WG_IAD217223,GENOME_REGION,h375,chr9,97080943,97080946,0,4,0,4,0.000
WG_IAD217223,GENOME_REGION,h376,chr9,107367391,107367394,1,4,4,0,1.000
WG_IAD217223,GENOME_REGION,h377,chr9,125772779,125772782,1,4,4,0,1.000
WG_IAD217223,GENOME_REGION,h378,chr9,130165009,130165012,1,4,4,0,1.000
WG_IAD217223,GENOME_REGION,h379,chr9,132630663,132630666,1,4,4,0,1.000
WG_IAD217223,GENOME_REGION,h380,chr9,139235480,139235483,1,4,4,0,1.000
WG_IAD217223,GENOME_REGION,h381,chr9,140918169,140918172,1,4,4,0,1.000
WG_IAD217223,GENOME_REGION,h382,chrX,1755459,1755462,1,4,4,0,1.000
WG_IAD217223,GENOME_REGION,h383,chrX,2835997,2836000,1,4,4,0,1.000
WG_IAD217223,GENOME_REGION,h384,chrX,50121145,50121148,1,4,4,0,1.000
WG_IAD217223,GENOME_REGION,h385,chrX,51239294,51239297,1,4,4,0,1.000
WG_IAD217223,GENOME_REGION,h386,chrX,56295437,56295440,1,4,4,0,1.000
WG_IAD217223,GENOME_REGION,h387,chrX,101395779,101395782,1,4,4,0,1.000
WG_IAD217223,GENOME_REGION,h388,chrX,104464275,104464278,1,4,4,0,1.000
WG_IAD217223,GENOME_REGION,h389,chrX,104464280,104464283,1,4,4,0,1.000
WG_IAD217223,GENOME_REGION,h390,chrX,122336599,122336602,1,4,4,0,1.000
WG_IAD217223,GENOME_REGION,h391,chrX,135474443,135474446,1,4,4,0,1.000
WG_IAD217223,GENOME_REGION,h392,chrX,152864512,152864515,1,4,4,0,1.000
WG_IAD217223,GENOME_REGION,h393,chrX,153149707,153149710,1,4,4,0,1.000
WG_IAD217223,GENOME_REGION,h394,chrX,153151279,153151282,1,4,4,0,1.000
WG_IAD217223,GENOME_REGION,h395,chr1,981890,981893,1,4,4,0,1.000
WG_IAD217223,GENOME_REGION,h396,chr1,3624161,3624164,1,4,4,0,1.000
WG_IAD217223,GENOME_REGION,h397,chr1,9324462,9324465,1,4,4,0,1.000
WG_IAD217223,GENOME_REGION,h398,chr1,10725411,10725414,1,4,4,0,1.000
WG_IAD217223,GENOME_REGION,h399,chr1,12785493,12785496,1,4,4,0,1.000
WG_IAD217223,GENOME_REGION,h400,chr1,24418766,24418769,1,4,4,0,1.000
WG_IAD217223,GENOME_REGION,h401,chr1,45266166,45266169,1,4,4,0,1.000
WG_IAD217223,GENOME_REGION,h402,chr1,45279373,45279376,1,4,4,0,1.000
WG_IAD217223,GENOME_REGION,h403,chr1,110607463,110607466,1,4,4,0,1.000
WG_IAD217223,GENOME_REGION,h404,chr1,152082758,152082761,1,4,4,0,1.000
WG_IAD217223,GENOME_REGION,h405,chr1,201180727,201180730,1,4,4,0,1.000
WG_IAD217223,GENOME_REGION,h406,chr1,204242836,204242839,1,4,4,0,1.000
WG_IAD217223,GENOME_REGION,h407,chr1,219383865,219383868,1,4,4,0,1.000
WG_IAD217223,GENOME_REGION,h408,chr1,231473060,231473063,1,4,4,0,1.000
WG_IAD217223,GENOME_REGION,h409,chr10,26357746,26357749,1,4,4,0,1.000
WG_IAD217223,GENOME_REGION,h410,chr10,33552694,33552697,1,4,4,0,1.000
WG_IAD217223,GENOME_REGION,h411,chr10,72643669,72643672,1,4,4,0,1.000
WG_IAD217223,GENOME_REGION,h412,chr10,106075418,106075421,1,4,4,0,1.000
WG_IAD217223,GENOME_REGION,h413,chr10,106075425,106075428,1,4,4,0,1.000
WG_IAD217223,GENOME_REGION,h414,chr10,125805649,125805652,1,4,4,0,1.000
WG_IAD217223,GENOME_REGION,h415,chr11,1718674,1718677,1,4,4,0,1.000
WG_IAD217223,GENOME_REGION,h416,chr11,5906289,5906292,1,4,4,0,1.000
WG_IAD217223,GENOME_REGION,h417,chr11,36596027,36596030,1,4,4,0,1.000
WG_IAD217223,GENOME_REGION,h418,chr11,48367049,48367052,1,4,4,0,1.000
WG_IAD217223,GENOME_REGION,h419,chr11,56258140,56258143,1,4,4,0,1.000
WG_IAD217223,GENOME_REGION,h420,chr11,56468019,56468022,1,4,4,0,1.000
WG_IAD217223,GENOME_REGION,h421,chr11,120775999,120776002,1,4,4,0,1.000
WG_IAD217223,GENOME_REGION,h422,chr12,247898,247901,1,4,4,0,1.000
WG_IAD217223,GENOME_REGION,h423,chr12,10603668,10603671,1,4,4,0,1.000
WG_IAD217223,GENOME_REGION,h424,chr12,48919658,48919661,1,4,4,0,1.000
WG_IAD217223,GENOME_REGION,h425,chr12,49374326,49374329,1,4,4,0,1.000
WG_IAD217223,GENOME_REGION,h426,chr12,53242477,53242480,1,4,4,0,1.000
WG_IAD217223,GENOME_REGION,h427,chr12,57593719,57593722,1,4,4,0,1.000
WG_IAD217223,GENOME_REGION,h428,chr12,57865041,57865044,1,4,4,0,1.000
WG_IAD217223,GENOME_REGION,h429,chr12,63195698,63195701,1,4,4,0,1.000
WG_IAD217223,GENOME_REGION,h430,chr12,117693814,117693817,1,4,4,0,1.000
WG_IAD217223,GENOME_REGION,h431,chr12,133150998,133151001,1,4,4,0,1.000
WG_IAD217223,GENOME_REGION,h432,chr13,25008628,25008631,1,4,4,0,1.000
WG_IAD217223,GENOME_REGION,h433,chr13,43148563,43148566,1,4,4,0,1.000
WG_IAD217223,GENOME_REGION,h434,chr13,102106306,102106309,1,4,4,0,1.000
WG_IAD217223,GENOME_REGION,h435,chr13,110435828,110435831,1,4,4,0,1.000
WG_IAD217223,GENOME_REGION,h436,chr13,114514845,114514848,1,4,4,0,1.000
WG_IAD217223,GENOME_REGION,h437,chr14,24769248,24769251,1,4,4,0,1.000
WG_IAD217223,GENOME_REGION,h438,chr14,36003547,36003550,1,4,4,0,1.000
WG_IAD217223,GENOME_REGION,h439,chr14,47351284,47351287,1,4,4,0,1.000
WG_IAD217223,GENOME_REGION,h440,chr14,47351290,47351293,1,4,4,0,1.000
WG_IAD217223,GENOME_REGION,h441,chr14,60011903,60011906,1,4,4,0,1.000
WG_IAD217223,GENOME_REGION,h442,chr14,103568612,103568615,1,4,4,0,1.000
WG_IAD217223,GENOME_REGION,h443,chr14,105417835,105417838,1,4,4,0,1.000
WG_IAD217223,GENOME_REGION,h444,chr15,41313209,41313212,1,4,4,0,1.000
WG_IAD217223,GENOME_REGION,h445,chr15,66995857,66995860,1,4,4,0,1.000
WG_IAD217223,GENOME_REGION,h446,chr15,78834964,78834967,1,4,4,0,1.000
WG_IAD217223,GENOME_REGION,h447,chr15,90192430,90192433,1,4,4,0,1.000
WG_IAD217223,GENOME_REGION,h448,chr15,90192444,90192447,1,4,4,0,1.000
WG_IAD217223,GENOME_REGION,h449,chr15,90784205,90784208,1,4,4,0,1.000
WG_IAD217223,GENOME_REGION,h450,chr16,129652,129655,1,4,4,0,1.000
WG_IAD217223,GENOME_REGION,h451,chr16,56459108,56459111,1,4,4,0,1.000
WG_IAD217223,GENOME_REGION,h452,chr16,57071112,57071115,1,4,4,0,1.000
WG_IAD217223,GENOME_REGION,h453,chr16,67070579,67070582,1,4,4,0,1.000
WG_IAD217223,GENOME_REGION,h454,chr16,70896014,70896017,1,4,4,0,1.000
WG_IAD217223,GENOME_REGION,h455,chr16,77225416,77225419,1,4,4,0,1.000
WG_IAD217223,GENOME_REGION,h456,chr17,1547234,1547237,1,4,4,0,1.000
WG_IAD217223,GENOME_REGION,h457,chr17,6928018,6928021,1,4,4,0,1.000
WG_IAD217223,GENOME_REGION,h458,chr17,7812672,7812675,1,4,4,0,1.000
WG_IAD217223,GENOME_REGION,h459,chr17,19316607,19316610,1,4,4,0,1.000
WG_IAD217223,GENOME_REGION,h460,chr17,21318950,21318953,1,4,4,0,1.000
WG_IAD217223,GENOME_REGION,h461,chr17,21319006,21319009,1,4,4,0,1.000
WG_IAD217223,GENOME_REGION,h462,chr17,38512398,38512401,1,4,4,0,1.000
WG_IAD217223,GENOME_REGION,h463,chr17,42930936,42930939,1,4,4,0,1.000
WG_IAD217223,GENOME_REGION,h464,chr17,44109622,44109625,1,4,4,0,1.000
WG_IAD217223,GENOME_REGION,h465,chr17,48194981,48194984,1,4,4,0,1.000
WG_IAD217223,GENOME_REGION,h466,chr17,64881243,64881246,1,4,4,0,1.000
WG_IAD217223,GENOME_REGION,h467,chr17,71429893,71429896,1,4,4,0,1.000
WG_IAD217223,GENOME_REGION,h468,chr17,71429899,71429902,1,4,4,0,1.000
WG_IAD217223,GENOME_REGION,h469,chr17,74349814,74349817,1,4,4,0,1.000
WG_IAD217223,GENOME_REGION,h470,chr17,76354550,76354553,1,4,4,0,1.000
WG_IAD217223,GENOME_REGION,h471,chr17,76433897,76433900,1,4,4,0,1.000
WG_IAD217223,GENOME_REGION,h472,chr17,79870353,79870356,1,4,4,0,1.000
WG_IAD217223,GENOME_REGION,h473,chr18,9887714,9887717,1,4,4,0,1.000
WG_IAD217223,GENOME_REGION,h474,chr18,46163047,46163050,1,4,4,0,1.000
WG_IAD217223,GENOME_REGION,h475,chr18,60985778,60985781,1,4,4,0,1.000
WG_IAD217223,GENOME_REGION,h476,chr19,498077,498080,1,4,4,0,1.000
WG_IAD217223,GENOME_REGION,h477,chr19,2338755,2338758,1,4,4,0,1.000
WG_IAD217223,GENOME_REGION,h478,chr19,6415895,6415898,1,4,4,0,1.000
WG_IAD217223,GENOME_REGION,h479,chr19,14142703,14142706,1,4,4,0,1.000
WG_IAD217223,GENOME_REGION,h480,chr19,16259629,16259632,1,4,4,0,1.000
WG_IAD217223,GENOME_REGION,h481,chr19,34262977,34262980,1,4,4,0,1.000
WG_IAD217223,GENOME_REGION,h482,chr19,34973411,34973414,1,4,4,0,1.000
WG_IAD217223,GENOME_REGION,h483,chr19,36246490,36246493,1,4,4,0,1.000
WG_IAD217223,GENOME_REGION,h484,chr19,38912762,38912765,1,4,4,0,1.000
WG_IAD217223,GENOME_REGION,h485,chr19,38964319,38964322,1,4,4,0,1.000
WG_IAD217223,GENOME_REGION,h486,chr19,55359242,55359245,1,4,4,0,1.000
WG_IAD217223,GENOME_REGION,h487,chr19,55526102,55526105,1,4,4,0,1.000
WG_IAD217223,GENOME_REGION,h488,chr19,55790885,55790888,1,4,4,0,1.000
WG_IAD217223,GENOME_REGION,h489,chr19,55995598,55995601,1,4,4,0,1.000
WG_IAD217223,GENOME_REGION,h490,chr19,56041253,56041256,1,4,4,0,1.000
WG_IAD217223,GENOME_REGION,h491,chr19,56125529,56125532,1,4,4,0,1.000
WG_IAD217223,GENOME_REGION,h492,chr2,10045013,10045016,1,4,4,0,1.000
WG_IAD217223,GENOME_REGION,h493,chr2,15542411,15542414,1,4,4,0,1.000
WG_IAD217223,GENOME_REGION,h494,chr2,20823723,20823726,1,4,4,0,1.000
WG_IAD217223,GENOME_REGION,h495,chr2,48030690,48030693,1,4,4,0,1.000
WG_IAD217223,GENOME_REGION,h496,chr2,53995142,53995145,1,4,4,0,1.000
WG_IAD217223,GENOME_REGION,h497,chr2,65299163,65299166,1,4,4,0,1.000
WG_IAD217223,GENOME_REGION,h498,chr2,74687548,74687551,1,4,4,0,1.000
WG_IAD217223,GENOME_REGION,h499,chr2,131129942,131129945,1,4,4,0,1.000
WG_IAD217223,GENOME_REGION,h500,chr2,135711515,135711518,1,4,4,0,1.000
WG_IAD217223,GENOME_REGION,h501,chr2,219266399,219266402,1,4,4,0,1.000
WG_IAD217223,GENOME_REGION,h502,chr2,220415594,220415597,1,4,4,0,1.000
WG_IAD217223,GENOME_REGION,h503,chr2,242758201,242758204,1,4,4,0,1.000
WG_IAD217223,GENOME_REGION,h504,chr20,42143379,42143382,1,4,4,0,1.000
WG_IAD217223,GENOME_REGION,h505,chr20,48729708,48729711,1,4,4,0,1.000
WG_IAD217223,GENOME_REGION,h506,chr20,55072479,55072482,1,4,4,0,1.000
WG_IAD217223,GENOME_REGION,h507,chr20,57428421,57428424,1,4,4,0,1.000
WG_IAD217223,GENOME_REGION,h508,chr20,62198241,62198244,1,4,4,0,1.000
WG_IAD217223,GENOME_REGION,h509,chr21,44838331,44838334,1,4,4,0,1.000
WG_IAD217223,GENOME_REGION,h510,chr21,45978497,45978500,1,4,4,0,1.000
WG_IAD217223,GENOME_REGION,h511,chr21,46011581,46011584,1,4,4,0,1.000
WG_IAD217223,GENOME_REGION,h512,chr21,46924423,46924426,1,4,4,0,1.000
WG_IAD217223,GENOME_REGION,h513,chr22,19808769,19808772,1,4,4,0,1.000
WG_IAD217223,GENOME_REGION,h514,chr22,26937470,26937473,1,4,4,0,1.000
WG_IAD217223,GENOME_REGION,h515,chr22,29446609,29446612,1,4,4,0,1.000
WG_IAD217223,GENOME_REGION,h516,chr22,32887147,32887150,1,4,4,0,1.000
WG_IAD217223,GENOME_REGION,h517,chr22,33253289,33253292,1,4,4,0,1.000
WG_IAD217223,GENOME_REGION,h518,chr22,37962637,37962640,1,4,4,0,1.000
WG_IAD217223,GENOME_REGION,h519,chr22,42525754,42525757,1,4,4,0,1.000
WG_IAD217223,GENOME_REGION,h520,chr22,42967239,42967242,1,4,4,0,1.000
WG_IAD217223,GENOME_REGION,h521,chr22,45821954,45821957,1,4,4,0,1.000
WG_IAD217223,GENOME_REGION,h522,chr22,50617592,50617595,1,4,4,0,1.000
WG_IAD217223,GENOME_REGION,h523,chr22,50659023,50659026,1,4,4,0,1.000
WG_IAD217223,GENOME_REGION,h524,chr22,50959433,50959436,1,4,4,0,1.000
WG_IAD217223,GENOME_REGION,h525,chr22,51043192,51043195,1,4,4,0,1.000
WG_IAD217223,GENOME_REGION,h526,chr3,19961329,19961332,1,4,4,0,1.000
WG_IAD217223,GENOME_REGION,h527,chr3,28533656,28533659,1,4,4,0,1.000
WG_IAD217223,GENOME_REGION,h528,chr3,39136141,39136144,1,4,4,0,1.000
WG_IAD217223,GENOME_REGION,h529,chr3,42678503,42678506,1,4,4,0,1.000
WG_IAD217223,GENOME_REGION,h530,chr3,43074868,43074871,1,4,4,0,1.000
WG_IAD217223,GENOME_REGION,h531,chr3,50334065,50334068,1,4,4,0,1.000
WG_IAD217223,GENOME_REGION,h532,chr3,65342271,65342274,1,4,4,0,1.000
WG_IAD217223,GENOME_REGION,h533,chr3,111918214,111918217,1,4,4,0,1.000
WG_IAD217223,GENOME_REGION,h534,chr3,130287193,130287196,1,4,4,0,1.000
WG_IAD217223,GENOME_REGION,h535,chr3,131100856,131100859,1,4,4,0,1.000
WG_IAD217223,GENOME_REGION,h536,chr3,185990094,185990097,1,4,4,0,1.000
WG_IAD217223,GENOME_REGION,h537,chr3,195511329,195511332,1,4,4,0,1.000
WG_IAD217223,GENOME_REGION,h538,chr3,195512372,195512375,1,4,4,0,1.000
WG_IAD217223,GENOME_REGION,h539,chr4,48485847,48485850,1,4,4,0,1.000
WG_IAD217223,GENOME_REGION,h540,chr4,80905989,80905992,1,4,4,0,1.000
WG_IAD217223,GENOME_REGION,h541,chr5,78324350,78324353,1,4,4,0,1.000
WG_IAD217223,GENOME_REGION,h542,chr5,126769144,126769147,1,4,4,0,1.000
WG_IAD217223,GENOME_REGION,h543,chr5,132098240,132098243,1,4,4,0,1.000
WG_IAD217223,GENOME_REGION,h544,chr5,134364516,134364519,1,4,4,0,1.000
WG_IAD217223,GENOME_REGION,h545,chr5,137665322,137665325,1,4,4,0,1.000
WG_IAD217223,GENOME_REGION,h546,chr5,138730035,138730038,1,4,4,0,1.000
WG_IAD217223,GENOME_REGION,h547,chr5,141019557,141019560,1,4,4,0,1.000
WG_IAD217223,GENOME_REGION,h548,chr5,167881028,167881031,1,4,4,0,1.000
WG_IAD217223,GENOME_REGION,h549,chr6,2892166,2892169,1,4,4,0,1.000
WG_IAD217223,GENOME_REGION,h550,chr6,26157042,26157045,1,4,4,0,1.000
WG_IAD217223,GENOME_REGION,h551,chr6,31617062,31617065,1,4,4,0,1.000
WG_IAD217223,GENOME_REGION,h552,chr6,32261769,32261772,1,4,4,0,1.000
WG_IAD217223,GENOME_REGION,h553,chr6,35764999,35765002,1,4,4,0,1.000
WG_IAD217223,GENOME_REGION,h554,chr6,44269191,44269194,1,4,4,0,1.000
WG_IAD217223,GENOME_REGION,h555,chr6,150184879,150184882,1,4,4,0,1.000
WG_IAD217223,GENOME_REGION,h556,chr7,54612314,54612317,1,4,4,0,1.000
WG_IAD217223,GENOME_REGION,h557,chr7,99453288,99453291,1,4,4,0,1.000
WG_IAD217223,GENOME_REGION,h558,chr7,100175471,100175474,1,4,4,0,1.000
WG_IAD217223,GENOME_REGION,h559,chr7,100175475,100175478,1,4,4,0,1.000
WG_IAD217223,GENOME_REGION,h560,chr7,100285168,100285171,1,4,4,0,1.000
WG_IAD217223,GENOME_REGION,h561,chr7,129933078,129933081,1,4,4,0,1.000
WG_IAD217223,GENOME_REGION,h562,chr7,139138869,139138872,1,4,4,0,1.000
WG_IAD217223,GENOME_REGION,h563,chr7,140624408,140624411,1,4,4,0,1.000
WG_IAD217223,GENOME_REGION,h564,chr7,150069394,150069397,1,4,4,0,1.000
WG_IAD217223,GENOME_REGION,h565,chr7,150439552,150439555,1,4,4,0,1.000
WG_IAD217223,GENOME_REGION,h566,chr7,150554421,150554424,1,4,4,0,1.000
WG_IAD217223,GENOME_REGION,h567,chr7,150721482,150721485,1,4,4,0,1.000
WG_IAD217223,GENOME_REGION,h568,chr8,13356817,13356820,1,4,4,0,1.000
WG_IAD217223,GENOME_REGION,h569,chr8,18258314,18258317,1,4,4,0,1.000
WG_IAD217223,GENOME_REGION,h570,chr8,121259860,121259863,1,4,4,0,1.000
WG_IAD217223,GENOME_REGION,h571,chr8,121457308,121457311,1,4,4,0,1.000
WG_IAD217223,GENOME_REGION,h572,chr8,145772833,145772836,1,4,4,0,1.000
WG_IAD217223,GENOME_REGION,h573,chr9,214802,214805,1,4,4,0,1.000
WG_IAD217223,GENOME_REGION,h574,chr9,117130754,117130757,1,4,4,0,1.000
WG_IAD217223,GENOME_REGION,h575,chr9,133884818,133884821,1,4,4,0,1.000
WG_IAD217223,GENOME_REGION,h576,chr9,134183377,134183380,1,4,4,0,1.000
WG_IAD217223,GENOME_REGION,h577,chr9,136325202,136325205,1,4,4,0,1.000
WG_IAD217223,GENOME_REGION,h578,chr9,139752897,139752900,1,4,4,0,1.000
WG_IAD217223,GENOME_REGION,h579,chrX,53285130,53285133,1,4,4,0,1.000
WG_IAD217223,GENOME_REGION,h580,chrX,120008976,120008979,1,4,4,0,1.000
